mode,ref_n,domain,facets,n_indicators,n_personas,n_boot,R1,R1_absolute,load_min,ref_load_min,ev_ratio,ref_ev_ratio,congruence,congruence_lo90,congruence_hi90,rmsd,rmsd_lo90,rmsd_hi90,R2,r4,level4,loadings,ref_loadings,note
c10_full,11150,Honesty-Humility,Sincerity; Fairness; Greed Avoidance; Modesty,4,11149,1000,True,True,0.5417315871419627,0.5565211484079214,3.1891922649279243,3.3156290974220988,0.9997185121118718,0.999175044191915,0.99990121679256,0.01594004160227698,0.010114229671460164,0.02814739146668121,pass,not applicable,pass,0.646;0.542;0.776;0.636,0.632;0.557;0.768;0.659,4 shared facets
c10_full,11150,Emotionality,Fearfulness; Anxiety; Dependence; Sentimentality,4,11149,1000,False,False,0.5062151209133869,0.53731469765033,2.6049883807843535,2.7331564178946106,0.9997876950608832,0.9992804981619644,0.9999273103132335,0.016319369108872276,0.010193560471490226,0.02834633403938629,pass,not applicable,fail,0.529;0.780;0.773;0.506,0.537;0.779;0.778;0.538,4 shared facets
c10_full,11150,Extraversion,Social Boldness; Sociability; Liveliness,3,11149,1000,True,True,0.7272613357454295,0.7146441523997545,5.121691915479929,4.8826801011344045,0.9999573847306678,0.9997630585687737,0.9999945975081731,0.01027528383379171,0.0053094611323941275,0.020354954254714907,pass,not applicable,pass,0.805;0.812;0.727,0.792;0.814;0.715,3 shared facets (SSE excluded)
c10_full,11150,Extraversion_4pos,Social Self-Esteem; Social Boldness; Sociability; Liveliness,4,11149,1000,True,True,0.6740903756181938,0.6578857344642357,5.450123602487349,5.1830485021422685,0.9999623080134014,0.9998344666843535,0.999991392597143,0.008918048466365326,0.00485849875191409,0.017148461175226885,pass,not applicable,pass,0.828;0.879;0.788;0.674,0.827;0.872;0.788;0.658,4 positional facets (SSE paired with Expressiveness)
c10_full,11150,Agreeableness,Forgiveness; Gentleness; Flexibility; Patience,4,11149,1000,True,True,0.7280133722877122,0.7399089365241488,5.967566907983266,6.2148424295638565,0.9999809596983896,0.9998764116253078,0.9999937844856036,0.009013049952539522,0.00581122469486154,0.017094079191262587,pass,not applicable,pass,0.746;0.846;0.775;0.728,0.755;0.846;0.785;0.740,4 shared facets
c10_full,11150,Conscientiousness,Organization; Diligence; Perfectionism; Prudence,4,11149,1000,True,True,0.5838199417123534,0.599182396923535,3.8094127242730993,3.835623815050767,0.9998265440049813,0.9994614362902272,0.9999504152602547,0.013272722359798426,0.00876595393456625,0.023864755369973702,pass,not applicable,pass,0.755;0.726;0.584;0.696,0.743;0.730;0.599;0.678,4 shared facets
c10_full,11150,Openness,Aesthetic Appreciation; Inquisitiveness; Creativity; Unconventionality,4,11149,1000,True,False,0.5049759747783259,0.48709783988364735,2.8761953605241795,2.7387557895873536,0.9999600794358826,0.9994721974185515,0.9999746543781067,0.01648848598939958,0.011368782353348093,0.02943150273349426,pass,not applicable,pass,0.505;0.646;0.778;0.576,0.487;0.632;0.754;0.571,4 shared facets
c10_n310,11150,Honesty-Humility,Sincerity; Fairness; Greed Avoidance; Modesty,4,310,1000,False,False,0.49196248722678637,0.5565211484079214,2.7358990020797815,3.3156290974220988,0.99741431626101,0.9872011387410099,0.9992434247292696,0.04751645824341003,0.03043049514403311,0.10803727310481326,unresolved,not applicable,fail,0.657;0.492;0.811;0.610,0.632;0.557;0.768;0.659,4 shared facets
c10_n310,11150,Emotionality,Fearfulness; Anxiety; Dependence; Sentimentality,4,310,1000,True,False,0.5195235396385944,0.53731469765033,2.787465416410603,2.7331564178946106,0.9998225460896699,0.9936624047625402,0.9997842482358564,0.012627660582192661,0.019902596845171164,0.07958688033488687,pass,not applicable,pass,0.520;0.781;0.773;0.555,0.537;0.779;0.778;0.538,4 shared facets
c10_n310,11150,Extraversion,Social Boldness; Sociability; Liveliness,3,310,1000,True,True,0.7213725633788136,0.7146441523997545,4.915264036201589,4.8826801011344045,0.999792909092347,0.9968288704967387,0.9999545023279597,0.01601259994763249,0.013969518848444764,0.06584603162745017,pass,not applicable,pass,0.774;0.834;0.721,0.792;0.814;0.715,3 shared facets (SSE excluded)
c10_n310,11150,Extraversion_4pos,Social Self-Esteem; Social Boldness; Sociability; Liveliness,4,310,1000,True,True,0.6687189212003007,0.6578857344642357,5.284157334751119,5.1830485021422685,0.999888490097794,0.998345361427849,0.9999195003883333,0.012034914246823328,0.014014245599344773,0.051043634513548534,pass,not applicable,pass,0.832;0.855;0.801;0.669,0.827;0.872;0.788;0.658,4 positional facets (SSE paired with Expressiveness)
c10_n310,11150,Agreeableness,Forgiveness; Gentleness; Flexibility; Patience,4,310,1000,True,True,0.7006011807382694,0.7399089365241488,5.362082689262969,6.2148424295638565,0.9997586188324779,0.9973005200810907,0.9998737709850447,0.03367506818604552,0.020614975665099275,0.07313839944629186,pass,not applicable,pass,0.701;0.830;0.752;0.725,0.755;0.846;0.785;0.740,4 shared facets
c10_n310,11150,Conscientiousness,Organization; Diligence; Perfectionism; Prudence,4,310,1000,True,True,0.540082984319437,0.599182396923535,3.390131700686597,3.835623815050767,0.9993124573651647,0.9926013681897858,0.9997380624235428,0.036353382892943195,0.0229384924293171,0.0996563688438964,pass,not applicable,pass,0.745;0.691;0.540;0.660,0.743;0.730;0.599;0.678,4 shared facets
c10_n310,11150,Openness,Aesthetic Appreciation; Inquisitiveness; Creativity; Unconventionality,4,310,1000,True,True,0.48887889309669064,0.48709783988364735,3.053243350837389,2.7387557895873536,0.9988368653105768,0.991623590226085,0.999568510255192,0.0571070979628601,0.042819780190413145,0.10159963300532947,unresolved,not applicable,unresolved,0.489;0.732;0.797;0.607,0.487;0.632;0.754;0.571,4 shared facets
c4_full,11150,Honesty-Humility,Sincerity; Fairness; Greed Avoidance; Modesty,4,11149,1000,False,False,0.3457183171398445,0.5565211484079214,2.246156022912184,3.3156290974220988,0.9712248783511555,0.9667623967097493,0.9752467033844447,0.1606802824108253,0.1491941051881628,0.172486894181196,fail,not applicable,fail,0.346;0.426;0.819;0.700,0.632;0.557;0.768;0.659,4 shared facets
c4_full,11150,Emotionality,Fearfulness; Anxiety; Dependence; Sentimentality,4,11149,1000,False,False,0.3780258710039308,0.53731469765033,2.215786733868442,2.7331564178946106,0.9933482898515607,0.9909331749307599,0.9952436721169026,0.0951220348565569,0.08422722749055901,0.10760431176049112,unresolved,not applicable,fail,0.481;0.793;0.692;0.378,0.537;0.779;0.778;0.538,4 shared facets
c4_full,11150,Extraversion,Social Boldness; Sociability; Liveliness,3,11149,1000,True,True,0.7221710433200925,0.7146441523997545,5.060443801284829,4.8826801011344045,0.9999761839526786,0.9997901743108905,0.9999958421258974,0.010170043160345916,0.005675859512101496,0.02038733827064319,pass,not applicable,pass,0.795;0.830;0.722,0.792;0.814;0.715,3 shared facets (SSE excluded)
c4_full,11150,Extraversion_4pos,Social Self-Esteem; Social Boldness; Sociability; Liveliness,4,11149,1000,True,True,0.650113918350255,0.6578857344642357,4.671780506861669,5.1830485021422685,0.9937782859104594,0.9927070649191563,0.9946470749450035,0.09390480706173265,0.0880281441968771,0.10067306781658783,unresolved,not applicable,unresolved,0.650;0.841;0.793;0.713,0.827;0.872;0.788;0.658,4 positional facets (SSE paired with Expressiveness)
c4_full,11150,Agreeableness,Forgiveness; Gentleness; Flexibility; Patience,4,11149,1000,True,True,0.6103488286345367,0.7399089365241488,4.027715057777047,6.2148424295638565,0.998224417666469,0.9975795566246806,0.9987440809408087,0.09674753627387891,0.08946833389352138,0.10464404371694282,unresolved,not applicable,unresolved,0.610;0.794;0.679;0.690,0.755;0.846;0.785;0.740,4 shared facets
c4_full,11150,Conscientiousness,Organization; Diligence; Perfectionism; Prudence,4,11149,1000,True,True,0.6040664463680804,0.599182396923535,3.6856108845777893,3.835623815050767,0.9974606564574302,0.9962519166422044,0.9983110209947813,0.05563300530106741,0.04745302087887128,0.06641709486182909,pass,not applicable,pass,0.650;0.679;0.604;0.710,0.743;0.730;0.599;0.678,4 shared facets
c4_full,11150,Openness,Aesthetic Appreciation; Inquisitiveness; Creativity; Unconventionality,4,11149,1000,False,False,0.3027314492749483,0.48709783988364735,2.076757089278903,2.7387557895873536,0.9901291661144289,0.9864942638466657,0.9928143410865833,0.100677159406271,0.08848965988100525,0.1145035598126648,unresolved,not applicable,fail,0.303;0.553;0.746;0.554,0.487;0.632;0.754;0.571,4 shared facets
c4_n310,11150,Honesty-Humility,Sincerity; Fairness; Greed Avoidance; Modesty,4,310,1000,False,False,0.4003090278708354,0.5565211484079214,2.461445106588289,3.3156290974220988,0.9835032280567528,0.9585823398462644,0.9929908194524665,0.1267204943921235,0.08574158558982069,0.19337948565125493,unresolved,not applicable,fail,0.437;0.400;0.803;0.682,0.632;0.557;0.768;0.659,4 shared facets
c4_n310,11150,Emotionality,Fearfulness; Anxiety; Dependence; Sentimentality,4,310,1000,False,False,0.43786215263078837,0.53731469765033,2.4389803841810345,2.7331564178946106,0.9978542576387233,0.9861401341620201,0.9994271812997967,0.055939200688987396,0.03239195845617897,0.11975865392047788,unresolved,not applicable,fail,0.507;0.781;0.737;0.438,0.537;0.779;0.778;0.538,4 shared facets
c4_n310,11150,Extraversion,Social Boldness; Sociability; Liveliness,3,310,1000,True,True,0.7187611990993894,0.7146441523997545,4.994762174153395,4.8826801011344045,0.9999973699269327,0.997784358064115,0.9999588015556086,0.0058273283543981156,0.01190395040040192,0.05681952649752976,pass,not applicable,pass,0.796;0.823;0.719,0.792;0.814;0.715,3 shared facets (SSE excluded)
c4_n310,11150,Extraversion_4pos,Social Self-Esteem; Social Boldness; Sociability; Liveliness,4,310,1000,True,True,0.6578397269323092,0.6578857344642357,4.813284128259502,5.1830485021422685,0.9941844496091877,0.9883801079229728,0.9970273029266455,0.09160953224272614,0.06762627647300912,0.12938079903969346,unresolved,not applicable,unresolved,0.658;0.834;0.786;0.717,0.827;0.872;0.788;0.658,4 positional facets (SSE paired with Expressiveness)
c4_n310,11150,Agreeableness,Forgiveness; Gentleness; Flexibility; Patience,4,310,1000,True,True,0.5273876933260238,0.7399089365241488,3.375336385975848,6.2148424295638565,0.9920722840498506,0.9814979052090675,0.9970086210987669,0.13574646657075254,0.09765330004959899,0.18248628674756634,unresolved,not applicable,unresolved,0.527;0.830;0.645;0.694,0.755;0.846;0.785;0.740,4 shared facets
c4_n310,11150,Conscientiousness,Organization; Diligence; Perfectionism; Prudence,4,310,1000,True,True,0.5612162931242629,0.599182396923535,3.104211926216213,3.835623815050767,0.9991212716782552,0.9905741486061105,0.9995694809862273,0.07029205727596147,0.04594899961001898,0.12905189500441056,unresolved,not applicable,unresolved,0.629;0.671;0.561;0.634,0.743;0.730;0.599;0.678,4 shared facets
c4_n310,11150,Openness,Aesthetic Appreciation; Inquisitiveness; Creativity; Unconventionality,4,310,1000,False,False,0.2798148945891467,0.48709783988364735,2.200202232647977,2.7387557895873536,0.9857067097405037,0.9649548468105875,0.9945205955345743,0.10615245241407818,0.06884680852964535,0.16658551128266125,unresolved,not applicable,fail,0.280;0.653;0.726;0.600,0.487;0.632;0.754;0.571,4 shared facets
