mode,domain,reps,R1_pass,R2_pass,R2_unresolved,R2_fail,level4_pass,level4_unresolved,level4_fail,congruence_median,rmsd_median
c10_n310_rep,Honesty-Humility,60,0.6833333333333333,0.4166666666666667,0.5833333333333334,0.0,0.36666666666666664,0.31666666666666665,0.31666666666666665,0.9980004866794872,0.04947026479881202
c10_n310_rep,Emotionality,60,0.2833333333333333,0.38333333333333336,0.6166666666666667,0.0,0.2,0.08333333333333333,0.7166666666666667,0.998210223369417,0.04471156973897031
c10_n310_rep,Extraversion,60,1.0,0.9333333333333333,0.06666666666666667,0.0,0.9333333333333333,0.06666666666666667,0.0,0.9996092608869115,0.030565341681984028
c10_n310_rep,Extraversion_4pos,60,1.0,0.9833333333333333,0.016666666666666666,0.0,0.9833333333333333,0.016666666666666666,0.0,0.9996611974042285,0.025178964671547607
c10_n310_rep,Agreeableness,60,1.0,0.95,0.05,0.0,0.95,0.05,0.0,0.9995719191402601,0.02791166595984064
c10_n310_rep,Conscientiousness,60,0.9666666666666667,0.7333333333333333,0.26666666666666666,0.0,0.7333333333333333,0.23333333333333334,0.03333333333333333,0.9989341987029753,0.037254887244443605
c10_n310_rep,Openness,60,0.7166666666666667,0.35,0.65,0.0,0.23333333333333334,0.48333333333333334,0.2833333333333333,0.99831177409065,0.05025160554591043
c4_n310_rep,Honesty-Humility,60,0.15,0.016666666666666666,0.6333333333333333,0.35,0.016666666666666666,0.13333333333333333,0.85,0.9893771795971745,0.11508418402482676
c4_n310_rep,Emotionality,60,0.15,0.016666666666666666,0.8,0.18333333333333332,0.016666666666666666,0.13333333333333333,0.85,0.990507141444448,0.11180205741952969
c4_n310_rep,Extraversion,60,0.8666666666666667,0.18333333333333332,0.7333333333333333,0.08333333333333333,0.18333333333333332,0.65,0.16666666666666666,0.9972511596552749,0.08629242645882357
c4_n310_rep,Extraversion_4pos,60,0.95,0.13333333333333333,0.75,0.11666666666666667,0.13333333333333333,0.75,0.11666666666666667,0.996678838185916,0.08949370562456974
c4_n310_rep,Agreeableness,60,0.9333333333333333,0.016666666666666666,0.6,0.38333333333333336,0.016666666666666666,0.6,0.38333333333333336,0.9950159208918554,0.12097149360197623
c4_n310_rep,Conscientiousness,60,0.4,0.05,0.8333333333333334,0.11666666666666667,0.05,0.35,0.6,0.9952195128323342,0.09232261795290084
c4_n310_rep,Openness,60,0.08333333333333333,0.03333333333333333,0.8,0.16666666666666666,0.016666666666666666,0.06666666666666667,0.9166666666666666,0.9895696878981333,0.10843807085941279
