run,outcome,n_a,n_b,g,p,ratio
text_gpt41mini,QID287_1,540,847,-2.9586470768288953,-1.4270956316410865,2.0731946838255007
text_gpt41mini,QID287_2,540,847,-1.9302199484017661,-1.180055970965062,1.6357020310004553
text_gpt41mini,QID287_3,540,847,-2.176037430582885,-1.500163977436705,1.4505330505942617
text_gpt41mini,QID287_4,540,847,-3.7040863177226817,-1.6086033495124408,2.3026722646358846
text_gpt41mini,QID287_6,540,847,-2.8509160872797232,-1.7287332196423106,1.649135942369177
text_gpt41mini,QID287_7,540,847,-1.7430539157811884,-1.0256657483930214,1.6994366035057198
text_gpt41mini,QID287_10,540,847,-3.019226901045083,-1.3290218199309103,2.271766238722882
text_gpt41mini,QID287_11,540,847,2.81707770344134,1.8083694083694084,1.5577999110156788
text_gemini25flash,QID287_1,540,847,-3.168492282128646,-1.4270956316410865,2.22023823202727
text_gemini25flash,QID287_2,540,847,-2.997704315886134,-1.180055970965062,2.5403068919134237
text_gemini25flash,QID287_3,540,847,-3.222622327167782,-1.500163977436705,2.1481800494064665
text_gemini25flash,QID287_4,540,847,-3.532935414753597,-1.6086033495124408,2.1962750580025903
text_gemini25flash,QID287_6,540,847,-3.1996698587607684,-1.7287332196423106,1.8508754401230323
text_gemini25flash,QID287_7,540,847,-3.1768004722550174,-1.0256657483930214,3.0973058008735515
text_gemini25flash,QID287_10,540,847,-3.584363111635839,-1.3290218199309103,2.6969934262043744
text_gemini25flash,QID287_11,540,847,3.548513271240544,1.8083694083694084,1.9622723403843736
json_gpt41mini,QID287_1,284,406,-2.494553528064941,-1.3104489002983417,1.9035870284579746
json_gpt41mini,QID287_2,284,406,-1.8012731561784499,-1.0745854436966629,1.6762493543388426
json_gpt41mini,QID287_3,284,406,-2.0368070491917014,-1.404704086588496,1.4499901215054827
json_gpt41mini,QID287_4,284,406,-3.002966072295844,-1.5577430097828349,1.9277673232598795
json_gpt41mini,QID287_6,284,406,-2.169829320752099,-1.640237979601748,1.322874697291753
json_gpt41mini,QID287_7,284,406,-1.2271733851384168,-0.9426212447096374,1.3018732518769318
json_gpt41mini,QID287_10,284,406,-2.713574550752793,-1.333431624228127,2.035030894308944
json_gpt41mini,QID287_11,284,406,1.54050163047249,1.7479185457573028,0.881334907860396
json_gpt41,QID287_1,540,847,-2.4596943460579825,-1.4270956316410865,1.7235665862346314
json_gpt41,QID287_2,540,847,-1.573297914207005,-1.180055970965062,1.3332400775196669
json_gpt41,QID287_3,540,847,-2.375617648344921,-1.500163977436705,1.5835719855132657
json_gpt41,QID287_4,540,847,-2.8230596003323276,-1.6086033495124408,1.754975582506391
json_gpt41,QID287_6,540,847,-2.6730596003323277,-1.7287332196423106,1.5462533894532355
json_gpt41,QID287_7,540,847,-1.8169836897109626,-1.0256657483930214,1.7715163956266957
json_gpt41,QID287_10,540,847,-2.6280335825790377,-1.3290218199309103,1.9774194397467884
json_gpt41,QID287_11,540,847,1.395231536140627,1.8083694083694084,0.7715412181179815
summary_gpt41mini,QID287_1,540,847,-1.3574489483580394,-1.4270956316410865,0.9511969052817035
summary_gpt41mini,QID287_2,533,777,-1.2119447241398458,-1.1965683185195375,1.0128504201409352
summary_gpt41mini,QID287_3,539,808,-1.123055162659123,-1.5116713201932441,0.7429228481463533
summary_gpt41mini,QID287_4,517,807,-3.1481500123436374,-1.5671409978931927,2.0088492462234706
summary_gpt41mini,QID287_6,532,807,-1.9380957039438749,-1.7225382228806216,1.1251394472412775
summary_gpt41mini,QID287_7,516,807,-0.9125673611711473,-0.9864269041238005,0.9251241600934847
summary_gpt41mini,QID287_10,530,807,-3.149505506067195,-1.33765635594211,2.354495227474923
summary_gpt41mini,QID287_11,532,847,0.8243024917666064,1.8014354066985652,0.4575809316845171
summary_json_gpt41mini,QID287_1,539,847,-1.6250632484398722,-1.4257041659639067,1.139832012303324
summary_json_gpt41mini,QID287_2,396,459,-1.1497821350762525,-1.2070707070707067,0.9525391746656823
summary_json_gpt41mini,QID287_3,515,789,-1.1961238879249882,-1.5703569714644323,0.7616891634578767
summary_json_gpt41mini,QID287_4,535,832,-3.1385693745506833,-1.5965425053918048,1.9658539399678885
summary_json_gpt41mini,QID287_6,530,805,-2.547826086956522,-1.7380522676667058,1.4659087844216092
summary_json_gpt41mini,QID287_7,516,792,-1.7433051444679348,-1.0500352360817478,1.6602348993288587
summary_json_gpt41mini,QID287_10,515,757,-2.6842441420528145,-1.3556963486424443,1.9799744572158362
summary_json_gpt41mini,QID287_11,538,847,0.0995268671848597,1.8094433447593303,0.0550041356492969
text_reasoning_gpt41mini,QID287_1,540,847,-2.59047619047619,-1.4270956316410865,1.8152085487762835
text_reasoning_gpt41mini,QID287_2,540,847,-1.5838711793257247,-1.180055970965062,1.3422000466896655
text_reasoning_gpt41mini,QID287_3,540,847,-1.6623026804844985,-1.500163977436705,1.1080806535061827
text_reasoning_gpt41mini,QID287_4,540,847,-3.177950500677774,-1.6086033495124408,1.9755960980940355
text_reasoning_gpt41mini,QID287_6,540,847,-2.371544448817176,-1.7287332196423106,1.3718394613298797
text_reasoning_gpt41mini,QID287_7,540,847,-1.3186081595172507,-1.0256657483930214,1.28561196626016
text_reasoning_gpt41mini,QID287_10,540,847,-2.7352004897459445,-1.3290218199309103,2.0580553672836874
text_reasoning_gpt41mini,QID287_11,540,847,2.3059906423542786,1.8083694083694084,1.2751767596165935
text_repeatq_gpt41mini,QID287_1,540,847,-2.7954261226988497,-1.4270956316410865,1.9588218621931128
text_repeatq_gpt41mini,QID287_2,540,847,-1.7851174078446808,-1.180055970965062,1.512739608770246
text_repeatq_gpt41mini,QID287_3,540,847,-2.0753312344221433,-1.500163977436705,1.3834029250377102
text_repeatq_gpt41mini,QID287_4,540,847,-3.531647645284009,-1.6086033495124408,2.195474506723135
text_repeatq_gpt41mini,QID287_6,540,847,-2.783602256329529,-1.7287332196423106,1.610197701242462
text_repeatq_gpt41mini,QID287_7,540,847,-1.617241680878045,-1.0256657483930214,1.5767726312513457
text_repeatq_gpt41mini,QID287_10,540,847,-2.8332874196510565,-1.3290218199309103,2.1318592194357997
text_repeatq_gpt41mini,QID287_11,540,847,2.741379159560978,1.8083694083694084,1.5159398001721653
text_t07_gpt41mini,QID287_1,540,847,-2.9752896934715114,-1.4270956316410865,2.08485656287104
text_t07_gpt41mini,QID287_2,540,847,-1.9686234640780098,-1.180055970965062,1.668245839617293
text_t07_gpt41mini,QID287_3,540,847,-2.182174559447287,-1.500163977436705,1.4546240226191256
text_t07_gpt41mini,QID287_4,540,847,-3.6542481087935634,-1.6086033495124408,2.2716899787018017
text_t07_gpt41mini,QID287_6,540,847,-2.8533014123923217,-1.7287332196423106,1.6505157533692179
text_t07_gpt41mini,QID287_7,540,847,-1.602636757182212,-1.0256657483930214,1.5625331738855173
text_t07_gpt41mini,QID287_10,540,847,-2.9628623901351174,-1.3290218199309103,2.229355715385578
text_t07_gpt41mini,QID287_11,540,847,2.731868468232104,1.8083694083694084,1.5106805366141463
json_predout_gpt41mini,QID287_1,540,847,-2.656178669815033,-1.4270956316410865,1.8612478455704922
json_predout_gpt41mini,QID287_2,540,847,-1.713004503913595,-1.180055970965062,1.4516298769393814
json_predout_gpt41mini,QID287_3,540,847,-1.7607394289212475,-1.500163977436705,1.1736979792900917
json_predout_gpt41mini,QID287_4,540,847,-3.113631990904718,-1.6086033495124408,1.9356120275694089
json_predout_gpt41mini,QID287_6,540,847,-2.047614674887402,-1.7287332196423106,1.1844596098587556
json_predout_gpt41mini,QID287_7,540,847,-1.6279155188246093,-1.0256657483930214,1.5871793723980474
json_predout_gpt41mini,QID287_10,540,847,-2.8481044208316937,-1.3290218199309103,2.1430080214783485
json_predout_gpt41mini,QID287_11,540,847,0.4569176614631161,1.8083694083694084,0.2526683206143787
json_predout_gpt41,QID287_1,538,843,-2.3802140523091984,-1.421589120110069,1.6743333348843483
json_predout_gpt41,QID287_2,538,843,-2.0513390396309865,-1.1766372532158558,1.7433912057641314
json_predout_gpt41,QID287_3,538,843,-2.321406994844929,-1.4981633130040963,1.5495019633007006
json_predout_gpt41,QID287_4,538,843,-2.787634444165156,-1.6104084809518135,1.7310107821324665
json_predout_gpt41,QID287_6,538,843,-2.6594654425026567,-1.7283202582386323,1.5387573164321837
json_predout_gpt41,QID287_7,538,843,-1.2218885463934348,-1.0277090581962982,1.1889440271529135
json_predout_gpt41,QID287_10,538,843,-2.6248021096544027,-1.324238094608122,1.9821224901637895
json_predout_gpt41,QID287_11,538,843,2.6165645795023087,1.8034458276557,1.4508695184393656
finetune500_gpt41mini,QID287_1,372,659,-1.0438388238941374,-1.5159046779904384,0.6885913336436854
finetune500_gpt41mini,QID287_2,372,659,-0.7359105519930815,-1.2288780654951297,0.5988474956598516
finetune500_gpt41mini,QID287_3,372,659,-0.7825191313002757,-1.6048223930034098,0.4876048182726306
finetune500_gpt41mini,QID287_4,372,659,-1.1491507171178226,-1.673405453032454,0.6867138594746386
finetune500_gpt41mini,QID287_6,372,659,-0.7904531140372346,-1.77898657137729,0.4443277575868751
finetune500_gpt41mini,QID287_7,372,659,-0.7943120074404035,-1.0568146588999299,0.7516095663048682
finetune500_gpt41mini,QID287_10,372,659,-0.9598079527469117,-1.3609696999363652,0.7052382964821254
finetune500_gpt41mini,QID287_11,372,659,-0.6423058723709762,1.8539045800903948,-0.34646112818797714
demog_only_gpt41mini,QID287_1,540,847,-0.4883313656040924,-1.4270956316410865,0.34218545329196787
demog_only_gpt41mini,QID287_2,540,847,-0.49416240325331184,-1.180055970965062,0.4187618345333067
demog_only_gpt41mini,QID287_3,540,847,-0.422521754339936,-1.500163977436705,0.28165038002171533
demog_only_gpt41mini,QID287_4,540,847,-2.39319165682802,-1.6086033495124408,1.4877450414071212
demog_only_gpt41mini,QID287_6,540,847,-0.7213411167956627,-1.7287332196423106,0.41726572301590537
demog_only_gpt41mini,QID287_7,540,847,-0.444743976562159,-1.0256657483930214,0.433614924997709
demog_only_gpt41mini,QID287_10,540,847,-2.3240434649525556,-1.3290218199309103,1.748687214987465
demog_only_gpt41mini,QID287_11,540,847,0.3370763916218462,1.8083694083694084,0.18639797270502667
human_retest_wave1_3,QID287_1,540,847,-1.4051248414884783,-1.4270956316410865,0.9846045424949251
human_retest_wave1_3,QID287_2,540,847,-1.1032664305391582,-1.180055970965062,0.9349272048824052
human_retest_wave1_3,QID287_3,540,847,-1.4910184092002274,-1.500163977436705,0.9939036209547543
human_retest_wave1_3,QID287_4,540,847,-1.5695767195767192,-1.6086033495124408,0.9757388109706782
human_retest_wave1_3,QID287_6,540,847,-1.7016026061480605,-1.7287332196423106,0.9843060726860656
human_retest_wave1_3,QID287_7,540,847,-1.025875639512003,-1.0256657483930214,1.000204638908251
human_retest_wave1_3,QID287_10,540,847,-1.2906838952293498,-1.3290218199309103,0.9711532766982309
human_retest_wave1_3,QID287_11,540,847,1.884553325462416,1.8083694083694084,1.042128514638888
