run,respondents,slope_on_w4,slope_on_w4_lo,slope_on_w4_hi,slope_on_w13,slope_on_w13_lo,slope_on_w13_hi,joint_b_w4,joint_b_w4_lo,joint_b_w4_hi,joint_b_w13,joint_b_w13_lo,joint_b_w13_hi,retest_slope_w4_on_w13,retest_slope_w4_on_w13_lo,retest_slope_w4_on_w13_hi,sd_ratio_twin_over_w4,sd_ratio_twin_over_w4_lo,sd_ratio_twin_over_w4_hi
text_gpt41mini,1387,0.6290513917096626,0.6027207194104287,0.653215645384286,0.6080352211936347,0.5820395393010811,0.6336341271479834,0.37703062977430063,0.34089691235566205,0.4099663004998086,0.3201464369714329,0.2888776194175324,0.35590308317391584,0.7635686904125991,0.7445990100285773,0.783230194292702,1.1166405316754782,1.0937040100109017,1.1395291088557367
text_gemini25flash,1387,0.74437631491626,0.7138523468442122,0.7701376553970022,0.7183822196152555,0.690279564351388,0.7459500424805897,0.4483722456419775,0.4044350730623581,0.48883387389469474,0.3760192111930534,0.3378577581889559,0.4183189032474277,0.7635686904125991,0.7460383812157585,0.781557133993894,1.331339649360588,1.3055949879007471,1.3596279860302052
json_gpt41mini,690,0.48359858972725195,0.4499308490889391,0.5185047288541378,0.476117358645298,0.44330529187573214,0.5096996537045987,0.2748903264047097,0.23388724596297839,0.31759785304278737,0.26640362905009657,0.22123978065330624,0.3092030441774235,0.7628996346944873,0.737467882117245,0.7886685126369698,0.9616714995500679,0.932209364780053,0.9919484722155569
json_gpt41,1387,0.5241979180843945,0.5035047422367172,0.5458584059661792,0.4998384677468909,0.4787543725256301,0.5204987791246355,0.327695613733928,0.295856228660781,0.3585511265174657,0.2496203571141217,0.2192513189783047,0.2785415784216403,0.7635686904125991,0.7455982492367783,0.7806665879865113,0.983186247153909,0.9631851927875341,1.0045897684197203
summary_gpt41mini,1387,0.4223836193980584,0.3995561166647501,0.4492982240254782,0.40491074843707636,0.38277613638884705,0.4312938622512021,0.258811743236282,0.22649325081655394,0.2884328166765007,0.20770266921958597,0.18097375503678495,0.23963901859220194,0.7619750045014385,0.743409607009332,0.7811012770450952,0.923414617379337,0.8969649684448641,0.9502723698869461
summary_json_gpt41mini,1387,0.45731175457744605,0.43020874648591667,0.4829709106914757,0.4455358438568601,0.4176373862255649,0.47387709491084573,0.26730492876840023,0.23669493111651072,0.30148999337007504,0.23956213123163367,0.20760168997906758,0.27171655519583654,0.7705571070995436,0.7513152519014759,0.787432774443963,0.9739083967162099,0.9487453289287459,0.9987114931918496
text_reasoning_gpt41mini,1387,0.5370214194500381,0.512420090249357,0.5594665624930049,0.5208695901302852,0.49530984779197823,0.544478679614658,0.3183394999004725,0.29090556741662554,0.3495826842123543,0.2777955150846785,0.246575705761369,0.30717385339103354,0.7635686904125991,0.7442578659805579,0.7820420665873334,0.9745180982600407,0.9551537313296452,0.9946621132767296
text_repeatq_gpt41mini,1387,0.5953105637205883,0.5700088207713567,0.6179118364618656,0.577216639066076,0.5534778943641514,0.5994575982455201,0.3532654348878745,0.31797158544476295,0.38574059391940274,0.30747421358070354,0.2730942120857289,0.33886332561697685,0.7635686904125991,0.742836389657677,0.781749325013042,1.0593761267545876,1.0386939359089582,1.083308294061434
text_t07_gpt41mini,1387,0.6177167329052434,0.5923237550605356,0.6427405207092715,0.5949045904186684,0.5685909922829531,0.6220009564682991,0.37452843049028184,0.34014325239122367,0.4096739146954938,0.30892640722691694,0.2730386110140064,0.3442585701068911,0.7635686904125991,0.7456140601362921,0.782116952910015,1.1144330363339825,1.0930748143126612,1.136932432087834
json_predout_gpt41mini,1387,0.4580811283754683,0.43668296999792366,0.4806816463703798,0.4358186556369856,0.4140291319044079,0.45862375460917926,0.2882884989841821,0.2591384021960053,0.31712123093311995,0.21569058400661845,0.18625903892612616,0.2488447916660091,0.7635686904125991,0.7453128770033544,0.7829657718071023,0.9301997122025574,0.9082029190198636,0.9530330926146204
json_predout_gpt41,1381,0.5536160337632089,0.5326723766798727,0.573463527238063,0.5385734574010002,0.516693311527384,0.5586944280260535,0.3249251405917039,0.29321639017552376,0.3522468608942688,0.29046803268598337,0.26480460615756424,0.3226087645439984,0.7635771866196774,0.7449417013388214,0.7803904485624622,0.9723313713983643,0.9509222998293106,0.9916229653333561
finetune500_gpt41mini,1031,0.2161979714193205,0.18208954382114056,0.2508800495769192,0.2071431857501537,0.17178814363396305,0.24241717848544286,0.13394637085277902,0.09342889996709722,0.17721522698800157,0.10484720103337436,0.06080591106679929,0.14290776998882107,0.7637085205482127,0.741609513550119,0.7878904636927079,0.8211171375959675,0.7720751538659909,0.8686405224912119
demog_only_gpt41mini,1387,0.2253883547630953,0.21144192773093773,0.24020047021755894,0.2154009034497032,0.200706858251521,0.23158281736370706,0.13993892918157916,0.1208163048879529,0.1582024777584747,0.1085479185567828,0.08986798891970375,0.12640567667698036,0.7635686904125991,0.744504027385654,0.7807777567890013,0.5975715446107207,0.5814542867276834,0.6150988034244512
human_retest_wave1_3,1387,0.787204643973124,0.7687911986239957,0.8036284373457613,1.0,1.0,1.0,6.123937277215213e-15,-9.498740325747276e-15,8.485492902379114e-15,0.9999999999999923,0.9999999999999892,1.0000000000000122,0.7635686904125991,0.7456154260362714,0.7820926896308716,1.0153593389211837,1.0027737259620595,1.0275454348936561
