run,outcome,party,n,sd_twin,sd_w4,sd_w13,human_mode,share_human_at_mode,share_twin_at_human_mode,share_twin_at_own_mode,share_human_at_ends,share_twin_at_ends,mean_twin,mean_w4,mean_w13,values_used_twin,values_used_w4
text_gpt41mini,QID287_1,Republican,540,0.5933621231772942,1.3602152508911807,1.3953521024689908,4,0.2814814814814815,0.020370370370370372,0.7574074074074074,0.35185185185185186,0.2,1.8925925925925926,2.75,2.725925925925926,5,5
text_gpt41mini,QID287_1,Democrat,847,0.4779489749256867,0.8868861078995152,0.9653900624084175,4,0.45454545454545453,0.09445100354191263,0.885478158205431,0.41912632821723733,0.8878394332939787,4.851239669421488,4.1770956316410865,4.131050767414404,5,5
text_gpt41mini,QID287_2,Republican,540,0.7414646363196723,1.2417473054159607,1.296205393834467,4,0.28888888888888886,0.08888888888888889,0.45555555555555555,0.26481481481481484,0.06296296296296296,2.5703703703703704,2.9592592592592593,2.933333333333333,4,5
text_gpt41mini,QID287_2,Democrat,847,0.5367683098765456,0.8488351097465583,0.9185926943990214,4,0.4085005903187721,0.46871310507674147,0.5171192443919717,0.3955135773317591,0.5171192443919717,4.5005903187721366,4.139315230224321,4.036599763872491,4,5
text_gpt41mini,QID287_3,Republican,540,0.8015823010716544,1.3501757827791223,1.381231001399712,4,0.26481481481481484,0.06111111111111111,0.4444444444444444,0.34444444444444444,0.13703703703703704,2.4296296296296296,2.861111111111111,2.8407407407407406,4,5
text_gpt41mini,QID287_3,Democrat,847,0.5240016942194877,0.7985283619285027,0.8363602324217606,5,0.5171192443919717,0.6210153482880756,0.6210153482880756,0.5242030696576151,0.6210153482880756,4.6056670602125145,4.361275088547816,4.331759149940968,4,5
text_gpt41mini,QID287_4,Republican,540,0.3769404546739719,1.4577809861899118,1.4600417739646978,4,0.25555555555555554,0.003703703703703704,0.8685185185185185,0.42407407407407405,0.8685185185185185,1.1388888888888888,2.946296296296296,3.001851851851852,3,5
text_gpt41mini,QID287_4,Democrat,847,0.4887815971772783,0.7833953245954326,0.7744658583532347,5,0.6894923258559622,0.8783943329397875,0.8783943329397875,0.6977567886658795,0.8807556080283353,4.8429752066115705,4.554899645808737,4.571428571428571,5,5
text_gpt41mini,QID287_6,Republican,540,0.683723259841966,1.3838403399390617,1.4111625647801629,1,0.2833333333333333,0.1962962962962963,0.6333333333333333,0.387037037037037,0.1962962962962963,2.0074074074074075,2.696296296296296,2.7092592592592593,4,5
text_gpt41mini,QID287_6,Democrat,847,0.3522954436614987,0.8892511354336842,0.927017683682905,5,0.6127508854781583,0.859504132231405,0.859504132231405,0.6304604486422668,0.859504132231405,4.858323494687131,4.425029515938607,4.41086186540732,3,5
text_gpt41mini,QID287_7,Republican,540,0.8770417472076705,1.257986238154662,1.2448409305955865,4,0.3296296296296296,0.4351851851851852,0.4351851851851852,0.3611111111111111,0.05185185185185185,3.2333333333333334,3.561111111111111,3.5833333333333335,5,5
text_gpt41mini,QID287_7,Democrat,847,0.15192906528183425,0.7271921296410427,0.6958575249642821,5,0.7001180637544274,0.9763872491145218,0.9763872491145218,0.704840613931523,0.9763872491145218,4.976387249114522,4.586776859504132,4.6092089728453365,2,5
text_gpt41mini,QID287_10,Republican,540,0.3857739607873357,1.4400500842584667,1.4452834409064923,4,0.27037037037037037,0.0,0.8185185185185185,0.43333333333333335,0.8185185185185185,1.1814814814814816,3.251851851851852,3.224074074074074,2,5
text_gpt41mini,QID287_10,Democrat,847,0.519000192416828,0.825287508812527,0.8962527224694679,5,0.7331759149940968,0.24557260920897284,0.71900826446281,0.7473435655253837,0.24557260920897284,4.200708382526565,4.580873671782762,4.514757969303424,4,5
text_gpt41mini,QID287_11,Republican,540,1.000987281482549,0.9924887977228973,0.9886648856056761,5,0.5648148148148148,0.4740740740740741,0.4740740740740741,0.587037037037037,0.5055555555555555,4.231481481481482,4.288888888888889,4.316666666666666,4,5
text_gpt41mini,QID287_11,Democrat,847,0.4929098646232595,1.2469483181237293,1.2835780908347472,1,0.2727272727272727,0.5855962219598583,0.5855962219598583,0.3565525383707202,0.5855962219598583,1.4144037780401417,2.4805194805194803,2.4321133412042504,2,5
text_gemini25flash,QID287_1,Republican,540,0.748334691167535,1.3602152508911807,1.3953521024689908,4,0.2814814814814815,0.02962962962962963,0.6444444444444445,0.35185185185185186,0.6537037037037037,1.4537037037037037,2.75,2.725925925925926,5,5
text_gemini25flash,QID287_1,Democrat,847,0.6005343517596989,0.8868861078995152,0.9653900624084175,4,0.45454545454545453,0.30342384887839435,0.667060212514758,0.41912632821723733,0.6694214876033058,4.62219598583235,4.1770956316410865,4.131050767414404,5,5
text_gemini25flash,QID287_2,Republican,540,0.8872769346088797,1.2417473054159607,1.296205393834467,4,0.28888888888888886,0.044444444444444446,0.5222222222222223,0.26481481481481484,0.3333333333333333,1.9444444444444444,2.9592592592592593,2.933333333333333,5,5
text_gemini25flash,QID287_2,Democrat,847,0.2796597249668889,0.8488351097465583,0.9185926943990214,4,0.4085005903187721,0.04132231404958678,0.9515938606847698,0.3955135773317591,0.9515938606847698,4.9421487603305785,4.139315230224321,4.036599763872491,4,5
text_gemini25flash,QID287_3,Republican,540,0.8242423105605802,1.3501757827791223,1.381231001399712,4,0.26481481481481484,0.025925925925925925,0.6055555555555555,0.34444444444444444,0.6203703703703703,1.538888888888889,2.861111111111111,2.8407407407407406,5,5
text_gemini25flash,QID287_3,Democrat,847,0.5003843270485678,0.7985283619285027,0.8363602324217606,5,0.5171192443919717,0.7863046044864227,0.7863046044864227,0.5242030696576151,0.7874852420306966,4.761511216056671,4.361275088547816,4.331759149940968,5,5
text_gemini25flash,QID287_4,Republican,540,0.45036766247418336,1.4577809861899118,1.4600417739646978,4,0.25555555555555554,0.003703703703703704,0.9666666666666667,0.42407407407407405,0.975925925925926,1.0703703703703704,2.946296296296296,3.001851851851852,5,5
text_gemini25flash,QID287_4,Democrat,847,0.7815172427471921,0.7833953245954326,0.7744658583532347,5,0.6894923258559622,0.7390791027154664,0.7390791027154664,0.6977567886658795,0.7473435655253837,4.603305785123967,4.554899645808737,4.571428571428571,5,5
text_gemini25flash,QID287_6,Republican,540,0.7638750678084767,1.3838403399390617,1.4111625647801629,1,0.2833333333333333,0.42777777777777776,0.4685185185185185,0.387037037037037,0.4388888888888889,1.712962962962963,2.696296296296296,2.7092592592592593,5,5
text_gemini25flash,QID287_6,Democrat,847,0.3325075388106344,0.8892511354336842,0.927017683682905,5,0.6127508854781583,0.9244391971664699,0.9244391971664699,0.6304604486422668,0.9244391971664699,4.912632821723731,4.425029515938607,4.41086186540732,4,5
text_gemini25flash,QID287_7,Republican,540,0.8072606510988974,1.257986238154662,1.2448409305955865,4,0.3296296296296296,0.03333333333333333,0.4759259259259259,0.3611111111111111,0.42592592592592593,1.75,3.561111111111111,3.5833333333333335,5,5
text_gemini25flash,QID287_7,Democrat,847,0.31783403582061165,0.7271921296410427,0.6958575249642821,5,0.7001180637544274,0.9386068476977568,0.9386068476977568,0.704840613931523,0.9386068476977568,4.926800472255017,4.586776859504132,4.6092089728453365,4,5
text_gemini25flash,QID287_10,Republican,540,0.6556919801165145,1.4400500842584667,1.4452834409064923,4,0.27037037037037037,0.009259259259259259,0.8351851851851851,0.43333333333333335,0.8462962962962963,1.2444444444444445,3.251851851851852,3.224074074074074,5,5
text_gemini25flash,QID287_10,Democrat,847,0.5101535202483641,0.825287508812527,0.8962527224694679,5,0.7331759149940968,0.8654073199527745,0.8654073199527745,0.7473435655253837,0.872491145218418,4.8288075560802834,4.580873671782762,4.514757969303424,5,5
text_gemini25flash,QID287_11,Republican,540,0.6900929423529935,0.9924887977228973,0.9886648856056761,5,0.5648148148148148,0.6944444444444444,0.6944444444444444,0.587037037037037,0.7074074074074074,4.624074074074074,4.288888888888889,4.316666666666666,5,5
text_gemini25flash,QID287_11,Democrat,847,0.375307767509572,1.2469483181237293,1.2835780908347472,1,0.2727272727272727,0.9468713105076741,0.9468713105076741,0.3565525383707202,0.9492325855962219,1.0755608028335302,2.4805194805194803,2.4321133412042504,5,5
json_gpt41mini,QID287_1,Republican,284,0.8484413267956021,1.3988747779923194,1.4303927749985068,4,0.2887323943661972,0.1056338028169014,0.7394366197183099,0.3626760563380282,0.11267605633802817,2.23943661971831,2.852112676056338,2.778169014084507,5,5
json_gpt41mini,QID287_1,Democrat,406,0.44796091088450113,0.9233205453862292,0.9563641389954478,4,0.4753694581280788,0.26108374384236455,0.7364532019704434,0.4187192118226601,0.7364532019704434,4.733990147783251,4.16256157635468,4.145320197044335,3,5
json_gpt41mini,QID287_2,Republican,284,0.7832527023253703,1.2803815436919437,1.3344360807512325,4,0.3204225352112676,0.18661971830985916,0.4612676056338028,0.2852112676056338,0.028169014084507043,2.890845070422535,3.0140845070422535,2.9859154929577465,5,5
json_gpt41mini,QID287_2,Democrat,406,0.46749867188065963,0.8444559674263501,0.9386100738027708,4,0.4482758620689655,0.30295566502463056,0.6945812807881774,0.35467980295566504,0.6945812807881774,4.692118226600985,4.088669950738916,3.977832512315271,3,5
json_gpt41mini,QID287_3,Republican,284,0.893553169492336,1.376187994319798,1.4107605605063802,4,0.28169014084507044,0.2007042253521127,0.545774647887324,0.35563380281690143,0.035211267605633804,2.6971830985915495,2.915492957746479,2.9014084507042255,5,5
json_gpt41mini,QID287_3,Democrat,406,0.44796091088450113,0.8260786203525594,0.8750461538986946,5,0.4975369458128079,0.7364532019704434,0.7364532019704434,0.5073891625615764,0.7364532019704434,4.733990147783251,4.320197044334975,4.332512315270936,3,5
json_gpt41mini,QID287_4,Republican,284,0.5040398188177839,1.4827723848099643,1.4717558548794263,1,0.25704225352112675,0.24295774647887325,0.7394366197183099,0.4507042253521127,0.24647887323943662,1.7852112676056338,2.9471830985915495,3.0035211267605635,5,5
json_gpt41mini,QID287_4,Democrat,406,0.4325726977552753,0.8065934276260308,0.7939594364282256,5,0.6551724137931034,0.7955665024630542,0.7955665024630542,0.6625615763546798,0.7955665024630542,4.788177339901478,4.504926108374384,4.522167487684729,4,5
json_gpt41mini,QID287_6,Republican,284,0.9446628479422102,1.4104915413764205,1.4065695021560651,1,0.29577464788732394,0.017605633802816902,0.573943661971831,0.4084507042253521,0.0528169014084507,2.6725352112676055,2.721830985915493,2.714788732394366,5,5
json_gpt41mini,QID287_6,Democrat,406,0.371554392772174,0.9213193198121779,0.9901908982417349,5,0.5812807881773399,0.8448275862068966,0.8448275862068966,0.5960591133004927,0.8448275862068966,4.842364532019705,4.362068965517241,4.3399014778325125,3,5
json_gpt41mini,QID287_7,Republican,284,0.6541769973950234,1.2534727552448612,1.251048433057001,4,0.3485915492957746,0.676056338028169,0.676056338028169,0.34507042253521125,0.03873239436619718,3.686619718309859,3.535211267605634,3.619718309859155,4,5
json_gpt41mini,QID287_7,Democrat,406,0.28101561232798655,0.8124045890583433,0.7520896713057896,5,0.6280788177339901,0.9137931034482759,0.9137931034482759,0.6379310344827587,0.9137931034482759,4.913793103448276,4.477832512315271,4.532019704433497,2,5
json_gpt41mini,QID287_10,Republican,284,0.6318079668085936,1.4320271425232505,1.4330737223306411,4,0.27816901408450706,0.017605633802816902,0.7394366197183099,0.4225352112676056,0.15492957746478872,2.01056338028169,3.193661971830986,3.176056338028169,5,5
json_gpt41mini,QID287_10,Democrat,406,0.4584015391024677,0.8849942044078207,0.904666354339591,5,0.7093596059113301,0.729064039408867,0.729064039408867,0.7266009852216748,0.729064039408867,4.724137931034483,4.527093596059113,4.490147783251231,3,5
json_gpt41mini,QID287_11,Republican,284,1.2835019267762793,0.9853035939491147,0.9416352543168711,5,0.5704225352112676,0.02112676056338028,0.5915492957746479,0.5880281690140845,0.2147887323943662,3.0528169014084505,4.292253521126761,4.380281690140845,4,5
json_gpt41mini,QID287_11,Democrat,406,0.5004650273182851,1.2379812025571366,1.2677085949845595,2,0.2857142857142857,0.5123152709359606,0.5123152709359606,0.3275862068965517,0.4876847290640394,1.5123152709359606,2.544334975369458,2.539408866995074,2,5
json_gpt41,QID287_1,Republican,540,0.5214923165684711,1.3602152508911807,1.3953521024689908,4,0.2814814814814815,0.06296296296296296,0.8981481481481481,0.35185185185185186,0.012962962962962963,2.138888888888889,2.75,2.725925925925926,4,5
json_gpt41,QID287_1,Democrat,847,0.52986271012991,0.8868861078995152,0.9653900624084175,4,0.45454545454545453,0.38134592680047225,0.6115702479338843,0.41912632821723733,0.6127508854781583,4.598583234946871,4.1770956316410865,4.131050767414404,5,5
json_gpt41,QID287_2,Republican,540,0.643578239149861,1.2417473054159607,1.296205393834467,4,0.28888888888888886,0.1574074074074074,0.6018518518518519,0.26481481481481484,0.007407407407407408,2.9166666666666665,2.9592592592592593,2.933333333333333,5,5
json_gpt41,QID287_2,Democrat,847,0.5072345396132115,0.8488351097465583,0.9185926943990214,4,0.4085005903187721,0.5029515938606848,0.5029515938606848,0.3955135773317591,0.4935064935064935,4.4899645808736715,4.139315230224321,4.036599763872491,3,5
json_gpt41,QID287_3,Republican,540,0.5405306975839372,1.3501757827791223,1.381231001399712,4,0.26481481481481484,0.06111111111111111,0.8574074074074074,0.34444444444444444,0.009259259259259259,2.185185185185185,2.861111111111111,2.8407407407407406,4,5
json_gpt41,QID287_3,Democrat,847,0.5355215019458465,0.7985283619285027,0.8363602324217606,5,0.5171192443919717,0.5737898465171193,0.5737898465171193,0.5242030696576151,0.5749704840613932,4.560802833530106,4.361275088547816,4.331759149940968,5,5
json_gpt41,QID287_4,Republican,540,0.4831063449537769,1.4577809861899118,1.4600417739646978,4,0.25555555555555554,0.014814814814814815,0.8018518518518518,0.42407407407407405,0.15555555555555556,1.901851851851852,2.946296296296296,3.001851851851852,4,5
json_gpt41,QID287_4,Democrat,847,0.5133033614245868,0.7833953245954326,0.7744658583532347,5,0.6894923258559622,0.7485242030696576,0.7485242030696576,0.6977567886658795,0.7497048406139315,4.7249114521841795,4.554899645808737,4.571428571428571,5,5
json_gpt41,QID287_6,Republican,540,0.3617832255863638,1.3838403399390617,1.4111625647801629,1,0.2833333333333333,0.022222222222222223,0.9222222222222223,0.387037037037037,0.022222222222222223,2.051851851851852,2.696296296296296,2.7092592592592593,4,5
json_gpt41,QID287_6,Democrat,847,0.5133033614245868,0.8892511354336842,0.927017683682905,5,0.6127508854781583,0.7485242030696576,0.7485242030696576,0.6304604486422668,0.7497048406139315,4.7249114521841795,4.425029515938607,4.41086186540732,5,5
json_gpt41,QID287_7,Republican,540,1.1069143583349021,1.257986238154662,1.2448409305955865,4,0.3296296296296296,0.4203703703703704,0.4759259259259259,0.3611111111111111,0.08333333333333333,3.0814814814814815,3.561111111111111,3.5833333333333335,5,5
json_gpt41,QID287_7,Democrat,847,0.3459799607517538,0.7271921296410427,0.6958575249642821,5,0.7001180637544274,0.9067296340023613,0.9067296340023613,0.704840613931523,0.9079102715466352,4.898465171192444,4.586776859504132,4.6092089728453365,4,5
json_gpt41,QID287_10,Republican,540,0.45652013863800744,1.4400500842584667,1.4452834409064923,4,0.27037037037037037,0.02962962962962963,0.8777777777777778,0.43333333333333335,0.04814814814814815,2.0555555555555554,3.251851851851852,3.224074074074074,4,5
json_gpt41,QID287_10,Democrat,847,0.5136458119349236,0.825287508812527,0.8962527224694679,5,0.7331759149940968,0.6989374262101535,0.6989374262101535,0.7473435655253837,0.7001180637544274,4.683589138134593,4.580873671782762,4.514757969303424,5,5
json_gpt41,QID287_11,Republican,540,1.4187868379455455,0.9924887977228973,0.9886648856056761,5,0.5648148148148148,0.05185185185185185,0.5944444444444444,0.587037037037037,0.3388888888888889,3.061111111111111,4.288888888888889,4.316666666666666,5,5
json_gpt41,QID287_11,Democrat,847,0.5081416563592073,1.2469483181237293,1.2835780908347472,1,0.2727272727272727,0.3447461629279811,0.6505312868949232,0.3565525383707202,0.345926800472255,1.665879574970484,2.4805194805194803,2.4321133412042504,4,5
summary_gpt41mini,QID287_1,Republican,540,1.1132837961766002,1.3602152508911807,1.3953521024689908,4,0.2814814814814815,0.4685185185185185,0.4685185185185185,0.35185185185185186,0.20555555555555555,3.574074074074074,2.75,2.725925925925926,5,5
summary_gpt41mini,QID287_1,Democrat,847,0.29178738191085424,0.8868861078995152,0.9653900624084175,4,0.45454545454545453,0.0602125147579693,0.9374262101534829,0.41912632821723733,0.9386068476977568,4.931523022432113,4.1770956316410865,4.131050767414404,4,5
summary_gpt41mini,QID287_2,Republican,533,1.055075348908608,1.2402336099470568,1.290530883039392,4,0.2851782363977486,0.44840525328330205,0.44840525328330205,0.26454033771106944,0.26641651031894936,3.7636022514071295,2.9437148217636024,2.9136960600375232,5,5
summary_gpt41mini,QID287_2,Democrat,777,0.15455036435715225,0.8568321072033049,0.9287622648224396,4,0.4041184041184041,0.02445302445302445,0.9755469755469756,0.40025740025740025,0.9755469755469756,4.975546975546975,4.14028314028314,4.028314028314028,2,5
summary_gpt41mini,QID287_3,Republican,539,1.0418742048520346,1.3514167200905975,1.381608706478668,4,0.2653061224489796,0.4842300556586271,0.4842300556586271,0.3450834879406308,0.29313543599257885,3.857142857142857,2.8608534322820036,2.8385899814471243,5,5
summary_gpt41mini,QID287_3,Democrat,808,0.13940557252702707,0.7925224028316331,0.8360217104197872,5,0.5235148514851485,0.9801980198019802,0.9801980198019802,0.530940594059406,0.9801980198019802,4.98019801980198,4.372524752475248,4.342821782178218,2,5
summary_gpt41mini,QID287_4,Republican,517,1.1046721148421745,1.442020675187104,1.447052309229929,4,0.26499032882011603,0.009671179883945842,0.4661508704061896,0.41005802707930367,0.5222437137330754,1.8394584139264991,2.9941972920696327,3.0541586073500966,5,5
summary_gpt41mini,QID287_4,Democrat,807,0.1106942016605531,0.7754881234336541,0.7776045429386744,5,0.6914498141263941,0.9876084262701363,0.9876084262701363,0.7001239157372986,0.9876084262701363,4.987608426270136,4.561338289962825,4.573729863692689,2,5
summary_gpt41mini,QID287_6,Republican,532,1.3001736080283315,1.38528595449013,1.4131355653573747,1,0.2800751879699248,0.16917293233082706,0.2669172932330827,0.38533834586466165,0.31390977443609025,3.050751879699248,2.712406015037594,2.723684210526316,5,5
summary_gpt41mini,QID287_6,Democrat,807,0.10507960029425374,0.8787077222573627,0.9237455850125561,5,0.6158612143742255,0.9888475836431226,0.9888475836431226,0.6332094175960347,0.9888475836431226,4.988847583643123,4.434944237918216,4.413878562577447,2,5
summary_gpt41mini,QID287_7,Republican,516,0.9783076578510975,1.2285826052334212,1.2204866106576553,4,0.3333333333333333,0.5135658914728682,0.5135658914728682,0.3546511627906977,0.38953488372093026,4.077519379844961,3.604651162790698,3.606589147286822,5,5
summary_gpt41mini,QID287_7,Democrat,807,0.0991320517418157,0.7279051165243061,0.699010324539416,5,0.7050805452292441,0.990086741016109,0.990086741016109,0.7100371747211895,0.990086741016109,4.990086741016109,4.591078066914498,4.61090458488228,2,5
summary_gpt41mini,QID287_10,Republican,530,1.0631939060573659,1.4378258426143853,1.4474285471167319,4,0.269811320754717,0.03207547169811321,0.45660377358490567,0.4320754716981132,0.5169811320754717,1.820754716981132,3.250943396226415,3.2245283018867923,5,5
summary_gpt41mini,QID287_10,Democrat,807,0.2150833566645595,0.8211043203293124,0.893491973245712,5,0.7397769516728625,0.976456009913259,0.976456009913259,0.7534076827757125,0.976456009913259,4.970260223048327,4.588599752168525,4.519206939281289,4,5
summary_gpt41mini,QID287_11,Republican,532,1.372698491421588,0.9968942042454552,0.9928592591687178,5,0.5620300751879699,0.14097744360902256,0.40037593984962405,0.5845864661654135,0.5413533834586466,2.1466165413533833,4.2819548872180455,4.30827067669173,5,5
summary_gpt41mini,QID287_11,Democrat,847,0.49704595977258764,1.2469483181237293,1.2835780908347472,1,0.2727272727272727,0.6847697756788665,0.6847697756788665,0.3565525383707202,0.6871310507674144,1.322314049586777,2.4805194805194803,2.4321133412042504,3,5
summary_json_gpt41mini,QID287_1,Republican,539,1.50424540548354,1.3610940660024036,1.394661016072631,4,0.2820037105751391,0.42857142857142855,0.42857142857142855,0.3525046382189239,0.4675324675324675,3.274582560296846,2.75139146567718,2.7291280148423005,5,5
summary_json_gpt41mini,QID287_1,Democrat,847,0.3514069891681084,0.8868861078995152,0.9653900624084175,4,0.45454545454545453,0.08618654073199528,0.9090909090909091,0.41912632821723733,0.911452184179457,4.899645808736718,4.1770956316410865,4.131050767414404,4,5
summary_json_gpt41mini,QID287_2,Republican,396,1.1348277563437605,1.25723580192998,1.2968024961323892,4,0.27525252525252525,0.47474747474747475,0.47474747474747475,0.2828282828282828,0.2474747474747475,3.5277777777777777,2.904040404040404,2.8207070707070705,5,5
summary_json_gpt41mini,QID287_2,Democrat,459,0.503869019990853,0.8244798986924359,0.8837275589756278,4,0.42919389978213507,0.30501089324618735,0.6884531590413944,0.3638344226579521,0.690631808278867,4.67755991285403,4.111111111111111,4.026143790849673,4,5
summary_json_gpt41mini,QID287_3,Republican,515,1.178163810068925,1.3514963018029917,1.3780553986148811,4,0.2543689320388349,0.36893203883495146,0.36893203883495146,0.34951456310679613,0.36699029126213595,3.712621359223301,2.81747572815534,2.8135922330097087,5,5
summary_json_gpt41mini,QID287_3,Democrat,789,0.3443334947068045,0.7766608157596754,0.8168392702151569,5,0.5310519645120405,0.9188846641318125,0.9188846641318125,0.5361216730038023,0.9214195183776933,4.908745247148289,4.387832699619772,4.359949302915083,4,5
summary_json_gpt41mini,QID287_4,Republican,535,1.0041044264340393,1.4591332944414401,1.4585358489868996,4,0.25794392523364484,0.06728971962616823,0.4691588785046729,0.42429906542056073,0.497196261682243,1.8037383177570094,2.9551401869158878,3.0037383177570094,5,5
summary_json_gpt41mini,QID287_4,Democrat,832,0.2801726501209125,0.7862978526956268,0.7788532963195431,5,0.6875,0.9495192307692307,0.9495192307692307,0.6959134615384616,0.9507211538461539,4.9423076923076925,4.5516826923076925,4.568509615384615,5,5
summary_json_gpt41mini,QID287_6,Republican,530,1.2229685907303767,1.3817659088232106,1.4113165442699136,1,0.2849056603773585,0.3150943396226415,0.3150943396226415,0.3867924528301887,0.360377358490566,2.4,2.6867924528301885,2.707547169811321,5,5
summary_json_gpt41mini,QID287_6,Democrat,805,0.25384774212960004,0.8954716825874495,0.9263423075538499,5,0.613664596273292,0.9515527950310559,0.9515527950310559,0.6322981366459627,0.9527950310559006,4.947826086956522,4.424844720496894,4.418633540372671,3,5
summary_json_gpt41mini,QID287_7,Republican,516,1.4031689559129938,1.253955883841696,1.2399046691056264,4,0.32751937984496127,0.3023255813953488,0.3023255813953488,0.3546511627906977,0.3817829457364341,3.2112403100775193,3.548449612403101,3.5794573643410854,5,5
summary_json_gpt41mini,QID287_7,Democrat,792,0.2421031854793781,0.721984711691869,0.6838148156598951,5,0.7095959595959596,0.9583333333333334,0.9583333333333334,0.7146464646464646,0.9595959595959596,4.954545454545454,4.598484848484849,4.623737373737374,3,5
summary_json_gpt41mini,QID287_10,Republican,515,1.1770891604365583,1.439209274209399,1.443887042620607,4,0.2737864077669903,0.10485436893203884,0.34563106796116505,0.429126213592233,0.3941747572815534,2.2563106796116505,3.2427184466019416,3.203883495145631,5,5
summary_json_gpt41mini,QID287_10,Democrat,757,0.27295407044038517,0.8131834510562893,0.9078401145461804,5,0.7437252311756936,0.9458388375165125,0.9458388375165125,0.7582562747688243,0.9471598414795245,4.940554821664465,4.598414795244386,4.515191545574637,4,5
summary_json_gpt41mini,QID287_11,Republican,538,0.743928184062861,0.992303528585208,0.9899706820716169,5,0.5650557620817844,0.01486988847583643,0.4962825278810409,0.587360594795539,0.4684014869888476,1.6449814126394051,4.289962825278811,4.315985130111524,5,5
summary_json_gpt41mini,QID287_11,Democrat,847,0.4982237954520136,1.2469483181237293,1.2835780908347472,1,0.2727272727272727,0.45454545454545453,0.5454545454545454,0.3565525383707202,0.45454545454545453,1.5454545454545454,2.4805194805194803,2.4321133412042504,2,5
text_reasoning_gpt41mini,QID287_1,Republican,540,0.7937604541844392,1.3602152508911807,1.3953521024689908,4,0.2814814814814815,0.1,0.674074074074074,0.35185185185185186,0.09814814814814815,2.2666666666666666,2.75,2.725925925925926,5,5
text_reasoning_gpt41mini,QID287_1,Democrat,847,0.40638271349524807,0.8868861078995152,0.9653900624084175,4,0.45454545454545453,0.11452184179456906,0.8736717827626919,0.41912632821723733,0.8736717827626919,4.857142857142857,4.1770956316410865,4.131050767414404,4,5
text_reasoning_gpt41mini,QID287_2,Republican,540,0.7296825412520431,1.2417473054159607,1.296205393834467,4,0.28888888888888886,0.32592592592592595,0.5203703703703704,0.26481481481481484,0.025925925925925925,3.161111111111111,2.9592592592592593,2.933333333333333,5,5
text_reasoning_gpt41mini,QID287_2,Democrat,847,0.4415159982996749,0.8488351097465583,0.9185926943990214,4,0.4085005903187721,0.2502951593860685,0.7473435655253837,0.3955135773317591,0.7473435655253837,4.744982290436836,4.139315230224321,4.036599763872491,3,5
text_reasoning_gpt41mini,QID287_3,Republican,540,0.7844254591977411,1.3501757827791223,1.381231001399712,4,0.26481481481481484,0.337037037037037,0.4981481481481482,0.34444444444444444,0.046296296296296294,3.162962962962963,2.861111111111111,2.8407407407407406,5,5
text_reasoning_gpt41mini,QID287_3,Democrat,847,0.3952126566892277,0.7985283619285027,0.8363602324217606,5,0.5171192443919717,0.8311688311688312,0.8311688311688312,0.5242030696576151,0.8311688311688312,4.8252656434474614,4.361275088547816,4.331759149940968,3,5
text_reasoning_gpt41mini,QID287_4,Republican,540,0.5310757982341833,1.4577809861899118,1.4600417739646978,4,0.25555555555555554,0.0,0.6203703703703703,0.42407407407407405,0.37592592592592594,1.6425925925925926,2.946296296296296,3.001851851851852,4,5
text_reasoning_gpt41mini,QID287_4,Democrat,847,0.5084656265211454,0.7833953245954326,0.7744658583532347,5,0.6894923258559622,0.8630460448642266,0.8630460448642266,0.6977567886658795,0.8630460448642266,4.820543093270366,4.554899645808737,4.571428571428571,4,5
text_reasoning_gpt41mini,QID287_6,Republican,540,0.7828536845613746,1.3838403399390617,1.4111625647801629,1,0.2833333333333333,0.027777777777777776,0.5574074074074075,0.387037037037037,0.03333333333333333,2.535185185185185,2.696296296296296,2.7092592592592593,5,5
text_reasoning_gpt41mini,QID287_6,Democrat,847,0.290982766759559,0.8892511354336842,0.927017683682905,5,0.6127508854781583,0.9067296340023613,0.9067296340023613,0.6304604486422668,0.9067296340023613,4.906729634002361,4.425029515938607,4.41086186540732,2,5
text_reasoning_gpt41mini,QID287_7,Republican,540,0.6540629878567555,1.257986238154662,1.2448409305955865,4,0.3296296296296296,0.6425925925925926,0.6425925925925926,0.3611111111111111,0.03518518518518519,3.638888888888889,3.561111111111111,3.5833333333333335,5,5
text_reasoning_gpt41mini,QID287_7,Democrat,847,0.20185280590401777,0.7271921296410427,0.6958575249642821,5,0.7001180637544274,0.9574970484061394,0.9574970484061394,0.704840613931523,0.9574970484061394,4.95749704840614,4.586776859504132,4.6092089728453365,2,5
text_reasoning_gpt41mini,QID287_10,Republican,540,0.46434028613311923,1.4400500842584667,1.4452834409064923,4,0.27037037037037037,0.001851851851851852,0.7870370370370371,0.43333333333333335,0.20555555555555555,1.8185185185185184,3.251851851851852,3.224074074074074,5,5
text_reasoning_gpt41mini,QID287_10,Democrat,847,0.5827563358343208,0.825287508812527,0.8962527224694679,5,0.7331759149940968,0.5879574970484062,0.5879574970484062,0.7473435655253837,0.5879574970484062,4.553719008264463,4.580873671782762,4.514757969303424,4,5
text_reasoning_gpt41mini,QID287_11,Republican,540,1.096266535148287,0.9924887977228973,0.9886648856056761,5,0.5648148148148148,0.20925925925925926,0.5481481481481482,0.587037037037037,0.23703703703703705,3.7074074074074073,4.288888888888889,4.316666666666666,5,5
text_reasoning_gpt41mini,QID287_11,Democrat,847,0.490474633687314,1.2469483181237293,1.2835780908347472,1,0.2727272727272727,0.5985832349468713,0.5985832349468713,0.3565525383707202,0.5985832349468713,1.4014167650531286,2.4805194805194803,2.4321133412042504,2,5
text_repeatq_gpt41mini,QID287_1,Republican,540,0.7283936253252196,1.3602152508911807,1.3953521024689908,4,0.2814814814814815,0.06111111111111111,0.6833333333333333,0.35185185185185186,0.1925925925925926,2.0074074074074075,2.75,2.725925925925926,5,5
text_repeatq_gpt41mini,QID287_1,Democrat,847,0.468982601268792,0.8868861078995152,0.9653900624084175,4,0.45454545454545453,0.15702479338842976,0.8264462809917356,0.41912632821723733,0.8264462809917356,4.802833530106257,4.1770956316410865,4.131050767414404,4,5
text_repeatq_gpt41mini,QID287_2,Republican,540,0.597122558117253,1.2417473054159607,1.296205393834467,4,0.28888888888888886,0.10925925925925926,0.7129629629629629,0.26481481481481484,0.025925925925925925,2.9055555555555554,2.9592592592592593,2.933333333333333,4,5
text_repeatq_gpt41mini,QID287_2,Democrat,847,0.4825027301958081,0.8488351097465583,0.9185926943990214,4,0.4085005903187721,0.29043683589138136,0.7001180637544274,0.3955135773317591,0.7001180637544274,4.690672963400236,4.139315230224321,4.036599763872491,3,5
text_repeatq_gpt41mini,QID287_3,Republican,540,0.7541884693971898,1.3501757827791223,1.381231001399712,4,0.26481481481481484,0.1037037037037037,0.55,0.34444444444444444,0.07037037037037037,2.6944444444444446,2.861111111111111,2.8407407407407406,5,5
text_repeatq_gpt41mini,QID287_3,Democrat,847,0.44840966338415805,0.7985283619285027,0.8363602324217606,5,0.5171192443919717,0.781582054309327,0.781582054309327,0.5242030696576151,0.781582054309327,4.769775678866588,4.361275088547816,4.331759149940968,3,5
text_repeatq_gpt41mini,QID287_4,Republican,540,0.3961393781567378,1.4577809861899118,1.4600417739646978,4,0.25555555555555554,0.0,0.8055555555555556,0.42407407407407405,0.8055555555555556,1.1944444444444444,2.946296296296296,3.001851851851852,2,5
text_repeatq_gpt41mini,QID287_4,Democrat,847,0.5757648472754805,0.7833953245954326,0.7744658583532347,5,0.6894923258559622,0.7768595041322314,0.7768595041322314,0.6977567886658795,0.7768595041322314,4.7260920897284535,4.554899645808737,4.571428571428571,4,5
text_repeatq_gpt41mini,QID287_6,Republican,540,0.6500083249550136,1.3838403399390617,1.4111625647801629,1,0.2833333333333333,0.14444444444444443,0.6462962962962963,0.387037037037037,0.14629629629629629,2.088888888888889,2.696296296296296,2.7092592592592593,5,5
text_repeatq_gpt41mini,QID287_6,Democrat,847,0.34074914631362224,0.8892511354336842,0.927017683682905,5,0.6127508854781583,0.8748524203069658,0.8748524203069658,0.6304604486422668,0.8748524203069658,4.872491145218418,4.425029515938607,4.41086186540732,3,5
text_repeatq_gpt41mini,QID287_7,Republican,540,0.7094981449400216,1.257986238154662,1.2448409305955865,4,0.3296296296296296,0.43703703703703706,0.45555555555555555,0.3611111111111111,0.022222222222222223,3.3296296296296295,3.561111111111111,3.5833333333333335,5,5
text_repeatq_gpt41mini,QID287_7,Democrat,847,0.22442258184008557,0.7271921296410427,0.6958575249642821,5,0.7001180637544274,0.9468713105076741,0.9468713105076741,0.704840613931523,0.9468713105076741,4.9468713105076745,4.586776859504132,4.6092089728453365,2,5
text_repeatq_gpt41mini,QID287_10,Republican,540,0.5222033619843709,1.4400500842584667,1.4452834409064923,4,0.27037037037037037,0.0,0.5055555555555555,0.43333333333333335,0.5055555555555555,1.5055555555555555,3.251851851851852,3.224074074074074,3,5
text_repeatq_gpt41mini,QID287_10,Democrat,847,0.5455082715857227,0.825287508812527,0.8962527224694679,5,0.7331759149940968,0.3730814639905549,0.5950413223140496,0.7473435655253837,0.3730814639905549,4.338842975206612,4.580873671782762,4.514757969303424,4,5
text_repeatq_gpt41mini,QID287_11,Republican,540,0.5500573110323944,0.9924887977228973,0.9886648856056761,5,0.5648148148148148,0.2574074074074074,0.7185185185185186,0.587037037037037,0.26296296296296295,4.214814814814815,4.288888888888889,4.316666666666666,5,5
text_repeatq_gpt41mini,QID287_11,Democrat,847,0.4995888406917718,1.2469483181237293,1.2835780908347472,1,0.2727272727272727,0.526564344746163,0.526564344746163,0.3565525383707202,0.526564344746163,1.473435655253837,2.4805194805194803,2.4321133412042504,2,5
text_t07_gpt41mini,QID287_1,Republican,540,0.5935010730168018,1.3602152508911807,1.3953521024689908,4,0.2814814814814815,0.014814814814814815,0.7185185185185186,0.35185185185185186,0.22777777777777777,1.862962962962963,2.75,2.725925925925926,5,5
text_t07_gpt41mini,QID287_1,Democrat,847,0.5637184611711392,0.8868861078995152,0.9653900624084175,4,0.45454545454545453,0.08736717827626919,0.8902007083825265,0.41912632821723733,0.8996458087367178,4.8382526564344746,4.1770956316410865,4.131050767414404,5,5
text_t07_gpt41mini,QID287_2,Republican,540,0.7942515763596899,1.2417473054159607,1.296205393834467,4,0.28888888888888886,0.11481481481481481,0.4351851851851852,0.26481481481481484,0.07222222222222222,2.5425925925925927,2.9592592592592593,2.933333333333333,5,5
text_t07_gpt41mini,QID287_2,Democrat,847,0.5210049475695953,0.8488351097465583,0.9185926943990214,4,0.4085005903187721,0.47107438016528924,0.5206611570247934,0.3955135773317591,0.5206611570247934,4.5112160566706025,4.139315230224321,4.036599763872491,4,5
text_t07_gpt41mini,QID287_3,Republican,540,0.8355854951060909,1.3501757827791223,1.381231001399712,4,0.26481481481481484,0.1037037037037037,0.39814814814814814,0.34444444444444444,0.12037037037037036,2.464814814814815,2.861111111111111,2.8407407407407406,4,5
text_t07_gpt41mini,QID287_3,Democrat,847,0.513931013050756,0.7985283619285027,0.8363602324217606,5,0.5171192443919717,0.6623376623376623,0.6623376623376623,0.5242030696576151,0.6623376623376623,4.646989374262102,4.361275088547816,4.331759149940968,4,5
text_t07_gpt41mini,QID287_4,Republican,540,0.4547858911951941,1.4577809861899118,1.4600417739646978,4,0.25555555555555554,0.009259259259259259,0.8333333333333334,0.42407407407407405,0.8333333333333334,1.1851851851851851,2.946296296296296,3.001851851851852,3,5
text_t07_gpt41mini,QID287_4,Democrat,847,0.4912507893521769,0.7833953245954326,0.7744658583532347,5,0.6894923258559622,0.8760330578512396,0.8760330578512396,0.6977567886658795,0.8772136953955135,4.8394332939787486,4.554899645808737,4.571428571428571,5,5
text_t07_gpt41mini,QID287_6,Republican,540,0.756880530304388,1.3838403399390617,1.4111625647801629,1,0.2833333333333333,0.22592592592592592,0.5777777777777777,0.387037037037037,0.22592592592592592,2.02037037037037,2.696296296296296,2.7092592592592593,4,5
text_t07_gpt41mini,QID287_6,Democrat,847,0.3394524877459126,0.8892511354336842,0.927017683682905,5,0.6127508854781583,0.8760330578512396,0.8760330578512396,0.6304604486422668,0.8760330578512396,4.873671782762692,4.425029515938607,4.41086186540732,3,5
text_t07_gpt41mini,QID287_7,Republican,540,0.8967059900842981,1.257986238154662,1.2448409305955865,4,0.3296296296296296,0.44814814814814813,0.44814814814814813,0.3611111111111111,0.08518518518518518,3.3666666666666667,3.561111111111111,3.5833333333333335,5,5
text_t07_gpt41mini,QID287_7,Democrat,847,0.172596254092601,0.7271921296410427,0.6958575249642821,5,0.7001180637544274,0.9693034238488784,0.9693034238488784,0.704840613931523,0.9693034238488784,4.969303423848879,4.586776859504132,4.6092089728453365,2,5
text_t07_gpt41mini,QID287_10,Republican,540,0.45325729654441116,1.4400500842584667,1.4452834409064923,4,0.27037037037037037,0.0,0.7518518518518519,0.43333333333333335,0.7518518518518519,1.2555555555555555,3.251851851851852,3.224074074074074,3,5
text_t07_gpt41mini,QID287_10,Democrat,847,0.546418253590819,0.825287508812527,0.8962527224694679,5,0.7331759149940968,0.2668240850059032,0.6989374262101535,0.7473435655253837,0.2680047225501771,4.218417945690673,4.580873671782762,4.514757969303424,5,5
text_t07_gpt41mini,QID287_11,Republican,540,1.0570934559391767,0.9924887977228973,0.9886648856056761,5,0.5648148148148148,0.45555555555555555,0.45555555555555555,0.587037037037037,0.4888888888888889,4.159259259259259,4.288888888888889,4.316666666666666,5,5
text_t07_gpt41mini,QID287_11,Democrat,847,0.4949921001926758,1.2469483181237293,1.2835780908347472,1,0.2727272727272727,0.5726092089728453,0.5726092089728453,0.3565525383707202,0.5726092089728453,1.4273907910271546,2.4805194805194803,2.4321133412042504,2,5
json_predout_gpt41mini,QID287_1,Republican,540,0.9186280809013015,1.3602152508911807,1.3953521024689908,4,0.2814814814814815,0.16666666666666666,0.7055555555555556,0.35185185185185186,0.10925925925925926,2.316666666666667,2.75,2.725925925925926,5,5
json_predout_gpt41mini,QID287_1,Democrat,847,0.16262999070276069,0.8868861078995152,0.9653900624084175,4,0.45454545454545453,0.02715466351829988,0.9728453364817001,0.41912632821723733,0.9728453364817001,4.9728453364817,4.1770956316410865,4.131050767414404,2,5
json_predout_gpt41mini,QID287_2,Republican,540,0.6506950968913127,1.2417473054159607,1.296205393834467,4,0.28888888888888886,0.26666666666666666,0.6185185185185185,0.26481481481481484,0.02962962962962963,3.2185185185185183,2.9592592592592593,2.933333333333333,5,5
json_predout_gpt41mini,QID287_2,Democrat,847,0.25271185270523006,0.8488351097465583,0.9185926943990214,4,0.4085005903187721,0.06847697756788666,0.9315230224321134,0.3955135773317591,0.9315230224321134,4.931523022432113,4.139315230224321,4.036599763872491,2,5
json_predout_gpt41mini,QID287_3,Republican,540,0.6683626129750737,1.3501757827791223,1.381231001399712,4,0.26481481481481484,0.2611111111111111,0.6166666666666667,0.34444444444444444,0.037037037037037035,3.2203703703703703,2.861111111111111,2.8407407407407406,5,5
json_predout_gpt41mini,QID287_3,Democrat,847,0.13621772304553134,0.7985283619285027,0.8363602324217606,5,0.5171192443919717,0.9811097992916175,0.9811097992916175,0.5242030696576151,0.9811097992916175,4.981109799291618,4.361275088547816,4.331759149940968,2,5
json_predout_gpt41mini,QID287_4,Republican,540,0.5037446527629317,1.4577809861899118,1.4600417739646978,4,0.25555555555555554,0.0,0.5166666666666667,0.42407407407407405,0.48148148148148145,1.5203703703703704,2.946296296296296,3.001851851851852,3,5
json_predout_gpt41mini,QID287_4,Democrat,847,0.5485212573222396,0.7833953245954326,0.7744658583532347,5,0.6894923258559622,0.6599763872491146,0.6599763872491146,0.6977567886658795,0.6599763872491146,4.634002361275089,4.554899645808737,4.571428571428571,4,5
json_predout_gpt41mini,QID287_6,Republican,540,0.8079604631063126,1.3838403399390617,1.4111625647801629,1,0.2833333333333333,0.03333333333333333,0.5222222222222223,0.387037037037037,0.05925925925925926,2.937037037037037,2.696296296296296,2.7092592592592593,5,5
json_predout_gpt41mini,QID287_6,Democrat,847,0.12300643016413026,0.8892511354336842,0.927017683682905,5,0.6127508854781583,0.9846517119244392,0.9846517119244392,0.6304604486422668,0.9846517119244392,4.984651711924439,4.425029515938607,4.41086186540732,2,5
json_predout_gpt41mini,QID287_7,Republican,540,0.632651066288474,1.257986238154662,1.2448409305955865,4,0.3296296296296296,0.3537037037037037,0.5685185185185185,0.3611111111111111,0.03148148148148148,3.3555555555555556,3.561111111111111,3.5833333333333335,5,5
json_predout_gpt41mini,QID287_7,Democrat,847,0.12757325361149968,0.7271921296410427,0.6958575249642821,5,0.7001180637544274,0.9834710743801653,0.9834710743801653,0.704840613931523,0.9834710743801653,4.983471074380165,4.586776859504132,4.6092089728453365,2,5
json_predout_gpt41mini,QID287_10,Republican,540,0.7191178544293417,1.4400500842584667,1.4452834409064923,4,0.27037037037037037,0.018518518518518517,0.5481481481481482,0.43333333333333335,0.3148148148148148,1.8555555555555556,3.251851851851852,3.224074074074074,5,5
json_predout_gpt41mini,QID287_10,Democrat,847,0.482088950908135,0.825287508812527,0.8962527224694679,5,0.7331759149940968,0.7154663518299882,0.7154663518299882,0.7473435655253837,0.7154663518299882,4.703659976387249,4.580873671782762,4.514757969303424,3,5
json_predout_gpt41mini,QID287_11,Republican,540,1.2851997794767336,0.9924887977228973,0.9886648856056761,5,0.5648148148148148,0.005555555555555556,0.43703703703703706,0.587037037037037,0.4425925925925926,2.175925925925926,4.288888888888889,4.316666666666666,4,5
json_predout_gpt41mini,QID287_11,Democrat,847,0.4497490329094802,1.2469483181237293,1.2835780908347472,1,0.2727272727272727,0.2809917355371901,0.71900826446281,0.3565525383707202,0.2809917355371901,1.71900826446281,2.4805194805194803,2.4321133412042504,2,5
json_predout_gpt41,QID287_1,Republican,538,0.5087209244253375,1.361974151746582,1.3965148462302333,4,0.2825278810408922,0.02973977695167286,0.8364312267657993,0.35315985130111527,0.05204460966542751,2.096654275092937,2.7527881040892193,2.724907063197026,5,5
json_predout_gpt41,QID287_1,Democrat,843,0.5297547189163891,0.8876070395072272,0.9662743429176913,4,0.4555160142348754,0.49940688018979834,0.49940688018979834,0.41755634638196915,0.48991696322657174,4.476868327402135,4.174377224199288,4.128113879003559,4,5
json_predout_gpt41,QID287_2,Republican,538,0.5725521529288352,1.2433662314341287,1.297175759041649,4,0.2899628252788104,0.027881040892193308,0.604089219330855,0.26579925650557623,0.011152416356877323,2.408921933085502,2.9609665427509295,2.933085501858736,5,5
json_predout_gpt41,QID287_2,Democrat,843,0.5174149414141204,0.8497854694118854,0.919569746340046,4,0.4080664294187426,0.5243179122182681,0.5243179122182681,0.39501779359430605,0.46856465005931197,4.460260972716489,4.137603795966785,4.0344009489916965,4,5
json_predout_gpt41,QID287_3,Republican,538,0.47310371713025895,1.3521632859386439,1.382845660172911,4,0.26579925650557623,0.027881040892193308,0.8513011152416357,0.34572490706319703,0.01486988847583643,2.154275092936803,2.862453531598513,2.8438661710037176,5,5
json_predout_gpt41,QID287_3,Democrat,843,0.5183697755728676,0.799623188604437,0.8375552037736921,5,0.5172004744958482,0.48398576512455516,0.5088967971530249,0.5243179122182681,0.48398576512455516,4.475682087781732,4.3606168446026095,4.330960854092527,4,5
json_predout_gpt41,QID287_4,Republican,538,0.4367976199248524,1.4590715107416097,1.46211790281857,4,0.2527881040892193,0.013011152416356878,0.8587360594795539,0.4256505576208178,0.11524163568773234,1.9312267657992566,2.942379182156134,3.003717472118959,5,5
json_predout_gpt41,QID287_4,Democrat,843,0.46026186231546184,0.7846515702453385,0.7757383973449365,5,0.6880189798339265,0.7224199288256228,0.7224199288256228,0.6963226571767497,0.7224199288256228,4.7188612099644125,4.552787663107948,4.569395017793594,4,5
json_predout_gpt41,QID287_6,Republican,538,0.30975500491572566,1.3849466271467417,1.4131227660402725,1,0.2843866171003718,0.01486988847583643,0.9572490706319703,0.38847583643122674,0.016728624535315983,2.029739776951673,2.6951672862453533,2.7118959107806693,5,5
json_predout_gpt41,QID287_6,Democrat,843,0.47574390740808004,0.8905781213818953,0.9284420001925214,5,0.6120996441281139,0.6951364175563464,0.6951364175563464,0.6298932384341637,0.6951364175563464,4.68920521945433,4.423487544483986,4.409252669039146,3,5
json_predout_gpt41,QID287_7,Republican,538,0.6850759989606009,1.260040978225115,1.2466468354745754,4,0.3271375464684015,0.6988847583643123,0.6988847583643123,0.362453531598513,0.011152416356877323,3.609665427509294,3.559479553903346,3.5855018587360594,5,5
json_predout_gpt41,QID287_7,Democrat,843,0.3776421792534455,0.7280775755849693,0.6966157053297204,5,0.701067615658363,0.8327402135231317,0.8327402135231317,0.7058125741399762,0.8327402135231317,4.831553973902729,4.587188612099644,4.609727164887307,3,5
json_predout_gpt41,QID287_10,Republican,538,0.3883207327610031,1.4390881287368014,1.4475524843863392,4,0.2695167286245353,0.0055762081784386614,0.8773234200743495,0.43308550185873607,0.09851301115241635,1.9386617100371748,3.2546468401486988,3.2230483271375463,5,5
json_predout_gpt41,QID287_10,Democrat,843,0.5241832076761145,0.8267385423370531,0.8977360809466742,5,0.7319098457888493,0.575326215895611,0.575326215895611,0.7461447212336892,0.575326215895611,4.563463819691577,4.578884934756821,4.513641755634638,4,5
json_predout_gpt41,QID287_11,Republican,538,0.3193775747670226,0.9933842758862224,0.9896227291276042,5,0.5631970260223048,0.01858736059479554,0.9628252788104089,0.5855018587360595,0.020446096654275093,3.979553903345725,4.286245353159852,4.314126394052044,4,5
json_predout_gpt41,QID287_11,Democrat,843,0.4884962466808484,1.2475632272877133,1.2853533047622532,1,0.27164887307236063,0.6393831553973903,0.6393831553973903,0.35587188612099646,0.6393831553973903,1.3629893238434163,2.4827995255041517,2.434163701067616,3,5
finetune500_gpt41mini,QID287_1,Republican,372,1.375026512590444,1.3334211851184106,1.3732548082977474,1,0.26881720430107525,0.3010752688172043,0.5645161290322581,0.3521505376344086,0.3064516129032258,2.85752688172043,2.6586021505376345,2.6586021505376345,5,5
finetune500_gpt41mini,QID287_1,Democrat,659,0.6781307793472403,0.8742619246811687,0.9654304896611992,4,0.4613050075872534,0.9013657056145675,0.9013657056145675,0.41122913505311076,0.09104704097116843,3.9013657056145674,4.174506828528073,4.127465857359636,5,5
finetune500_gpt41mini,QID287_2,Republican,372,1.3036142819925003,1.2275370587789165,1.2594827683429088,3,0.28225806451612906,0.005376344086021506,0.7016129032258065,0.26344086021505375,0.25,3.2231182795698925,2.9274193548387095,2.903225806451613,5,5
finetune500_gpt41mini,QID287_2,Democrat,659,0.6451759007716227,0.838747587936878,0.8937880448183168,4,0.40364188163884673,0.8831562974203339,0.8831562974203339,0.40212443095599393,0.11229135053110774,3.959028831562974,4.156297420333839,4.071320182094082,5,5
finetune500_gpt41mini,QID287_3,Republican,372,1.338497700719853,1.333355976099656,1.3494984206383687,4,0.24731182795698925,0.7016129032258065,0.7016129032258065,0.34139784946236557,0.2768817204301075,3.196236559139785,2.771505376344086,2.7903225806451615,5,5
finetune500_gpt41mini,QID287_3,Democrat,659,0.6680991723179398,0.7705351959181774,0.8307856719880433,5,0.5174506828528073,0.09711684370257967,0.8619119878603946,0.5220030349013657,0.13505311077389984,3.9787556904400607,4.376327769347496,4.323216995447648,5,5
finetune500_gpt41mini,QID287_4,Republican,372,1.3381430797969704,1.465245284593081,1.470921126892797,1,0.260752688172043,0.26881720430107525,0.5403225806451613,0.43010752688172044,0.27419354838709675,2.838709677419355,2.903225806451613,2.9408602150537635,5,5
finetune500_gpt41mini,QID287_4,Democrat,659,0.6683269534074681,0.7628136620254827,0.7532884797798537,5,0.6980273141122914,0.1047040971168437,0.8543247344461306,0.7071320182094082,0.1411229135053111,3.9878603945371776,4.576631259484067,4.590288315629742,5,5
finetune500_gpt41mini,QID287_6,Republican,372,1.329004217432269,1.3752162026722918,1.4094997563768452,1,0.2768817204301075,0.25268817204301075,0.6989247311827957,0.3817204301075269,0.26881720430107525,3.1989247311827955,2.674731182795699,2.706989247311828,5,5
finetune500_gpt41mini,QID287_6,Democrat,659,0.6694888093393407,0.8517266492002388,0.8894997782959296,5,0.6160849772382397,0.1062215477996965,0.8528072837632777,0.6342943854324734,0.1426403641881639,3.98937784522003,4.453717754172989,4.44309559939302,5,5
finetune500_gpt41mini,QID287_7,Republican,372,1.3358669375133614,1.2793011018370626,1.2350371003062333,4,0.32526881720430106,0.6989247311827957,0.6989247311827957,0.3790322580645161,0.27419354838709675,3.193548387096774,3.5698924731182795,3.5913978494623655,5,5
finetune500_gpt41mini,QID287_7,Democrat,659,0.6751144034045953,0.6821318656851472,0.6701223255929476,5,0.7253414264036419,0.1062215477996965,0.8528072837632777,0.7268588770864947,0.1441578148710167,3.9878603945371776,4.626707132018209,4.641881638846738,5,5
finetune500_gpt41mini,QID287_10,Republican,372,1.3545120078716366,1.4505814670228696,1.4746699561534051,4,0.260752688172043,0.6182795698924731,0.6182795698924731,0.4381720430107527,0.27956989247311825,3.0295698924731185,3.2338709677419355,3.21505376344086,5,5
finetune500_gpt41mini,QID287_10,Democrat,659,0.6694888093393407,0.8147784473975894,0.9029779323989033,5,0.7420333839150227,0.1062215477996965,0.8528072837632777,0.7556904400606981,0.1426403641881639,3.98937784522003,4.594840667678301,4.51896813353566,5,5
finetune500_gpt41mini,QID287_11,Republican,372,1.3162837695805834,0.9649503495895524,0.9968612887780021,5,0.5645161290322581,0.008064516129032258,0.717741935483871,0.5833333333333334,0.260752688172043,3.21505376344086,4.309139784946237,4.303763440860215,5,5
finetune500_gpt41mini,QID287_11,Democrat,659,0.6914499607904182,1.2434811407215483,1.2662274417597053,1,0.27921092564491656,0.03793626707132018,0.8786039453717754,0.3611532625189681,0.07738998482549317,3.8573596358118363,2.455235204855842,2.3915022761760243,5,5
demog_only_gpt41mini,QID287_1,Republican,540,0.5219664544698602,1.3602152508911807,1.3953521024689908,4,0.2814814814814815,0.5055555555555555,0.5055555555555555,0.35185185185185186,0.49074074074074076,4.483333333333333,2.75,2.725925925925926,3,5
demog_only_gpt41mini,QID287_1,Democrat,847,0.166026973706759,0.8868861078995152,0.9653900624084175,4,0.45454545454545453,0.02833530106257379,0.9716646989374262,0.41912632821723733,0.9716646989374262,4.971664698937426,4.1770956316410865,4.131050767414404,2,5
demog_only_gpt41mini,QID287_2,Republican,540,0.49736473130199377,1.2417473054159607,1.296205393834467,4,0.28888888888888886,0.5555555555555556,0.5555555555555556,0.26481481481481484,0.4444444444444444,4.444444444444445,2.9592592592592593,2.933333333333333,2,5
demog_only_gpt41mini,QID287_2,Democrat,847,0.24019189550649203,0.8488351097465583,0.9185926943990214,4,0.4085005903187721,0.06139315230224321,0.9386068476977568,0.3955135773317591,0.9386068476977568,4.9386068476977565,4.139315230224321,4.036599763872491,2,5
demog_only_gpt41mini,QID287_3,Republican,540,0.4971539974314772,1.3501757827791223,1.381231001399712,4,0.26481481481481484,0.4425925925925926,0.5574074074074075,0.34444444444444444,0.5574074074074075,4.557407407407408,2.861111111111111,2.8407407407407406,2,5
demog_only_gpt41mini,QID287_3,Democrat,847,0.14032550705802985,0.7985283619285027,0.8363602324217606,5,0.5171192443919717,0.9799291617473436,0.9799291617473436,0.5242030696576151,0.9799291617473436,4.979929161747344,4.361275088547816,4.331759149940968,2,5
demog_only_gpt41mini,QID287_4,Republican,540,0.9501488995701463,1.4577809861899118,1.4600417739646978,4,0.25555555555555554,0.2074074074074074,0.6222222222222222,0.42407407407407405,0.06481481481481481,2.566666666666667,2.946296296296296,3.001851851851852,5,5
demog_only_gpt41mini,QID287_4,Democrat,847,0.21916233984030697,0.7833953245954326,0.7744658583532347,5,0.6894923258559622,0.9634002361275088,0.9634002361275088,0.6977567886658795,0.9634002361275088,4.959858323494687,4.554899645808737,4.571428571428571,4,5
demog_only_gpt41mini,QID287_6,Republican,540,0.7299838237087058,1.3838403399390617,1.4111625647801629,1,0.2833333333333333,0.011111111111111112,0.5296296296296297,0.387037037037037,0.3925925925925926,4.257407407407407,2.696296296296296,2.7092592592592593,5,5
demog_only_gpt41mini,QID287_6,Democrat,847,0.14430674511321945,0.8892511354336842,0.927017683682905,5,0.6127508854781583,0.9787485242030697,0.9787485242030697,0.6304604486422668,0.9787485242030697,4.97874852420307,4.425029515938607,4.41086186540732,2,5
demog_only_gpt41mini,QID287_7,Republican,540,0.521044123496116,1.257986238154662,1.2448409305955865,4,0.3296296296296296,0.45740740740740743,0.5407407407407407,0.3611111111111111,0.5425925925925926,4.535185185185185,3.561111111111111,3.5833333333333335,3,5
demog_only_gpt41mini,QID287_7,Democrat,847,0.14032550705802985,0.7271921296410427,0.6958575249642821,5,0.7001180637544274,0.9799291617473436,0.9799291617473436,0.704840613931523,0.9799291617473436,4.979929161747344,4.586776859504132,4.6092089728453365,2,5
demog_only_gpt41mini,QID287_10,Republican,540,0.9342630908087524,1.4400500842584667,1.4452834409064923,4,0.27037037037037037,0.1814814814814815,0.6018518518518519,0.43333333333333335,0.06851851851851852,2.5685185185185184,3.251851851851852,3.224074074074074,5,5
demog_only_gpt41mini,QID287_10,Democrat,847,0.32475329879442005,0.825287508812527,0.8962527224694679,5,0.7331759149940968,0.8961038961038961,0.8961038961038961,0.7473435655253837,0.8961038961038961,4.892561983471074,4.580873671782762,4.514757969303424,4,5
demog_only_gpt41mini,QID287_11,Republican,540,0.6053655053261819,0.9924887977228973,0.9886648856056761,5,0.5648148148148148,0.001851851851851852,0.6574074074074074,0.587037037037037,0.3,1.7703703703703704,4.288888888888889,4.316666666666666,5,5
demog_only_gpt41mini,QID287_11,Democrat,847,0.49582310889904235,1.2469483181237293,1.2835780908347472,1,0.2727272727272727,0.5667060212514758,0.5667060212514758,0.3565525383707202,0.5667060212514758,1.4332939787485242,2.4805194805194803,2.4321133412042504,2,5
human_retest_wave1_3,QID287_1,Republican,540,1.3953521024689908,1.3602152508911807,1.3953521024689908,4,0.2814814814814815,0.28703703703703703,0.28703703703703703,0.35185185185185186,0.3851851851851852,2.725925925925926,2.75,2.725925925925926,5,5
human_retest_wave1_3,QID287_1,Democrat,847,0.9653900624084175,0.8868861078995152,0.9653900624084175,4,0.45454545454545453,0.38961038961038963,0.4203069657615112,0.41912632821723733,0.44037780401416765,4.131050767414404,4.1770956316410865,4.131050767414404,5,5
human_retest_wave1_3,QID287_2,Republican,540,1.296205393834467,1.2417473054159607,1.296205393834467,4,0.28888888888888886,0.22962962962962963,0.2740740740740741,0.26481481481481484,0.31851851851851853,2.933333333333333,2.9592592592592593,2.933333333333333,5,5
human_retest_wave1_3,QID287_2,Democrat,847,0.9185926943990214,0.8488351097465584,0.9185926943990214,4,0.4085005903187721,0.3860684769775679,0.3860684769775679,0.3955135773317591,0.3730814639905549,4.036599763872491,4.139315230224321,4.036599763872491,5,5
human_retest_wave1_3,QID287_3,Republican,540,1.3812310013997118,1.3501757827791223,1.3812310013997118,4,0.26481481481481484,0.2574074074074074,0.2574074074074074,0.34444444444444444,0.37592592592592594,2.8407407407407406,2.861111111111111,2.8407407407407406,5,5
human_retest_wave1_3,QID287_3,Democrat,847,0.8363602324217607,0.7985283619285027,0.8363602324217607,5,0.5171192443919717,0.5159386068476978,0.5159386068476978,0.5242030696576151,0.5218417945690673,4.331759149940968,4.361275088547816,4.331759149940968,5,5
human_retest_wave1_3,QID287_4,Republican,540,1.4600417739646978,1.4577809861899118,1.4600417739646978,4,0.25555555555555554,0.24814814814814815,0.24814814814814815,0.42407407407407405,0.43148148148148147,3.001851851851852,2.946296296296296,3.001851851851852,5,5
human_retest_wave1_3,QID287_4,Democrat,847,0.7744658583532347,0.7833953245954326,0.7744658583532347,5,0.6894923258559622,0.704840613931523,0.704840613931523,0.6977567886658795,0.7107438016528925,4.571428571428571,4.554899645808737,4.571428571428571,5,5
human_retest_wave1_3,QID287_6,Republican,540,1.4111625647801627,1.3838403399390617,1.4111625647801627,1,0.2833333333333333,0.2851851851851852,0.2851851851851852,0.387037037037037,0.40185185185185185,2.7092592592592593,2.696296296296296,2.7092592592592593,5,5
human_retest_wave1_3,QID287_6,Democrat,847,0.927017683682905,0.8892511354336842,0.927017683682905,5,0.6127508854781583,0.6210153482880756,0.6210153482880756,0.6304604486422668,0.6446280991735537,4.41086186540732,4.425029515938607,4.41086186540732,5,5
human_retest_wave1_3,QID287_7,Republican,540,1.2448409305955863,1.257986238154662,1.2448409305955863,4,0.3296296296296296,0.3574074074074074,0.3574074074074074,0.3611111111111111,0.35555555555555557,3.5833333333333335,3.561111111111111,3.5833333333333335,5,5
human_retest_wave1_3,QID287_7,Democrat,847,0.6958575249642821,0.7271921296410427,0.6958575249642821,5,0.7001180637544274,0.7001180637544274,0.7001180637544274,0.704840613931523,0.7072018890200709,4.6092089728453365,4.586776859504132,4.6092089728453365,5,5
human_retest_wave1_3,QID287_10,Republican,540,1.4452834409064923,1.4400500842584667,1.4452834409064923,4,0.27037037037037037,0.24074074074074073,0.25,0.43333333333333335,0.4388888888888889,3.224074074074074,3.251851851851852,3.224074074074074,5,5
human_retest_wave1_3,QID287_10,Democrat,847,0.8962527224694677,0.825287508812527,0.8962527224694677,5,0.7331759149940968,0.706021251475797,0.706021251475797,0.7473435655253837,0.7237308146399055,4.514757969303424,4.580873671782762,4.514757969303424,5,5
human_retest_wave1_3,QID287_11,Republican,540,0.9886648856056761,0.9924887977228972,0.9886648856056761,5,0.5648148148148148,0.5814814814814815,0.5814814814814815,0.587037037037037,0.6055555555555555,4.316666666666666,4.288888888888889,4.316666666666666,5,5
human_retest_wave1_3,QID287_11,Democrat,847,1.2835780908347472,1.2469483181237293,1.2835780908347472,1,0.2727272727272727,0.30460448642266824,0.30460448642266824,0.3565525383707202,0.3990554899645809,2.4321133412042504,2.4805194805194803,2.4321133412042504,5,5
