run,r2_party_twin,r2_party_w4,wp_corr_twin_w4,wp_corr_twin_w13,wp_corr_retest,shift_R,shift_D,mean_twin_R,mean_twin_D,mean_w4_R,mean_w4_D,gap_excess
text_gpt41mini,0.814319489849558,0.29975664572970195,0.1847086198579363,0.18943912486459152,0.6765107165032456,0.8143518518518519,-0.38459268004722547,3.9722222222222223,1.322314049586777,3.1578703703703703,1.7069067296340024,1.1989445318990772
text_gemini25flash,0.8779260245132461,0.29975664572970195,0.15418420831726562,0.15890918110803998,0.6765107165032456,1.3307870370370372,-0.5221369539551357,4.488657407407407,1.1847697756788667,3.1578703703703703,1.7069067296340024,1.8529239909921729
json_gpt41mini,0.709426839710692,0.27057658794342154,0.15115439960844732,0.16244782730345936,0.6832372519325218,0.24471830985915494,-0.5021551724137931,3.3838028169014085,1.2604679802955663,3.1390845070422535,1.7626231527093597,0.7468734822729481
json_gpt41,0.7341171437369785,0.29975664572970195,0.1726296743903081,0.16745785878461977,0.6765107165032456,0.43333333333333335,-0.33382526564344744,3.591203703703704,1.3730814639905549,3.1578703703703703,1.7069067296340024,0.7671585989767808
summary_gpt41mini,0.502496352297769,0.29888370531914615,0.14886600068466627,0.15225154848333466,0.6756762154953633,-0.3752344748463272,-0.6395515689159912,2.770414121034685,1.0622803822285016,3.1456485958810125,1.7018319511444928,0.26431709406966397
summary_json_gpt41mini,0.4795383030472399,0.30553990086321237,0.169286447035378,0.18169278952000129,0.6772111890488393,-0.24065551509493333,-0.5445979325465395,2.932338800986913,1.1592836901551717,3.172994316081846,1.7038816227017113,0.3039424174516062
text_reasoning_gpt41mini,0.7586955517559656,0.29975664572970195,0.18322493897386466,0.19328181540615394,0.6765107165032456,0.2773148148148148,-0.4899645808736718,3.435185185185185,1.2169421487603305,3.1578703703703703,1.7069067296340024,0.7672793956884866
text_repeatq_gpt41mini,0.8250036484974905,0.29975664572970195,0.17815409920980985,0.19063003001758658,0.6765107165032456,0.6532407407407408,-0.4161747343565525,3.811111111111111,1.2907319952774499,3.1578703703703703,1.7069067296340024,1.0694154750972933
text_t07_gpt41mini,0.7963586514123594,0.29975664572970195,0.16528949538175436,0.16562264145590444,0.6765107165032456,0.7747685185185185,-0.39064344746162927,3.9326388888888886,1.316263282172373,3.1578703703703703,1.7069067296340024,1.1654119659801476
json_predout_gpt41mini,0.7234610983776932,0.29975664572970195,0.130555881426281,0.1294417285832649,0.6765107165032456,0.061111111111111116,-0.5159386068476977,3.2189814814814817,1.1909681227863047,3.1578703703703703,1.7069067296340024,0.5770497179588088
json_predout_gpt41,0.8243680242072963,0.2987410206086032,0.19175105722462127,0.20966884995539511,0.6771588114251683,0.5690055762081785,-0.3150948991696323,3.7263011152416357,1.3933867141162515,3.157295539033457,1.7084816132858838,0.8841004753778108
finetune500_gpt41mini,0.15685866068421114,0.3205336775938131,0.1234880094680027,0.12229675992265535,0.667136229113881,-0.2365591397849463,0.5709408194233688,2.959677419354839,2.2579666160849774,3.196236559139785,1.6870257966616085,-0.8074999592083152
demog_only_gpt41mini,0.3972316095255501,0.29975664572970195,0.08999786259890166,0.08742483639014192,0.6765107165032456,-1.1131944444444444,-0.6154073199527744,2.044675925925926,1.0914994096812278,3.1578703703703703,1.7069067296340024,-0.49778712449166995
human_retest_wave1_3,0.28467913550013696,0.2997566457297019,0.6765107165032458,1.0,0.6765107165032458,0.004398148148148151,0.021399055489964625,3.162268518518519,1.728305785123967,3.1578703703703703,1.7069067296340024,-0.017000907341816474
