run,outcome,who,gap,m0_own,m0_beyond,m1_party,m1_own,m2_party,m2_own,m2_ide,m1_slope,m0_slope,dh13
text_gpt41mini,QID287_1,twin,2.9586470768288953,0.889450210608692,2.0691968662202034,2.8022116520899867,0.1564354247389151,2.18298652323192,0.09697770608330922,0.6786828475136769,0.11133204689001142,0.6330044024177088,1.4051248414884783
text_gpt41mini,QID287_1,human,1.4270956316410865,1.0825638352829523,0.34453179635813425,0.4665824842630101,0.9605131473780736,0.302286536153793,0.9447375242586636,0.18007157122863002,0.6835785113304109,0.7704396102884137,1.4051248414884783
text_gpt41mini,QID287_2,twin,1.9302199484017661,0.5193317381115562,1.41088821029021,1.760577592433713,0.16964235596804794,0.9693959218148765,0.1194044049348506,0.8414196216520377,0.15376372494642565,0.470721961383129,1.1032664305391582
text_gpt41mini,QID287_2,human,1.180055970965062,0.7225739360368965,0.4574820349281655,0.5708691969789919,0.6091867739860625,0.3728808594762214,0.5966150363258248,0.2105600751630085,0.5521665094879733,0.6549405619853582,1.1032664305391582
text_gpt41mini,QID287_3,twin,2.176037430582885,0.8640463074545415,1.3119911231283434,1.905683293912572,0.27035413667031327,1.0031395236282923,0.177951919295622,0.9949459876589722,0.1813217965667704,0.5795007641240394,1.4910184092002274
text_gpt41mini,QID287_3,human,1.500163977436705,1.1513708707126649,0.3487931067240402,0.5066262909850808,0.9935376864516211,0.3413727574417118,0.9766190688386502,0.18217215115633384,0.6663483698933994,0.7722043293417502,1.4910184092002274
text_gpt41mini,QID287_4,twin,3.7040863177226817,1.2760008412172006,2.428085476505481,3.618936817096815,0.08514950062586271,2.917397448929179,0.009322252110532928,0.7773666166829707,0.0542499768019149,0.8129585673017056,1.5695767195767192
text_gpt41mini,QID287_4,human,1.6086033495124408,1.2931833245478819,0.3154200249645589,0.4701173629343135,1.1384859865781305,0.34942943037834606,1.125441196406739,0.1337327227273539,0.7253458670597226,0.8239057756263265,1.5695767195767192
text_gpt41mini,QID287_6,twin,2.8509160872797232,1.0877078235951496,1.7632082636845736,2.698307985290314,0.15260810198939923,2.1167015896105266,0.07722879876883489,0.6569856989003546,0.0896849249278362,0.6392255275498242,1.7016026061480605
text_gpt41mini,QID287_6,human,1.7287332196423106,1.3676402074097573,0.3610930122325533,0.552595049834642,1.1761381698076672,0.38354451108870735,1.1542283147675811,0.19096039378602206,0.6911943867258796,0.8037365495729358,1.7016026061480605
text_gpt41mini,QID287_7,twin,1.7430539157811884,0.46742728665964,1.2756266291215483,1.631241481860831,0.11181243392035523,1.254454431813448,0.08886344256403535,0.39973604140370816,0.10899219126944382,0.45563737811533345,1.025875639512003
text_gpt41mini,QID287_7,human,1.0256657483930214,0.7439462639213813,0.2817194844716401,0.3602562841095961,0.6654094642834215,0.0987844454626508,0.6494839833936858,0.2773973195366841,0.6486258554691375,0.7251817230744145,1.025875639512003
text_gpt41mini,QID287_10,twin,3.019226901045083,0.7139516751064354,2.3052752259386478,3.0066936873060572,0.012533213739021123,2.292375577478125,-0.033892332137857924,0.7607436557048168,0.009710521519131543,0.5531576536635787,1.2906838952293498
text_gpt41mini,QID287_10,human,1.3290218199309103,0.9635335974975396,0.36548822243337065,0.4766941139219748,0.8523277060089238,0.3877599789895424,0.8465476260914205,0.09471421484994069,0.660369056404371,0.7465294957649745,1.2906838952293498
text_gpt41mini,QID287_11,twin,2.81707770344134,1.183951474274747,1.6331262291665931,2.6289410273028206,0.1881366761385186,1.9063963836894413,0.05064739895984891,0.8600339207920534,0.0998309114401712,0.6282398371424374,1.884553325462416
text_gpt41mini,QID287_11,human,1.8083694083694084,1.4534322155487245,0.3549371928206839,0.5713636408853543,1.2370057674840587,0.2475833339561928,1.1753952901829499,0.3853907842302685,0.6563920217967473,0.771234326941687,1.884553325462416
text_gemini25flash,QID287_1,twin,3.168492282128646,0.9468649764475656,2.2216273056810802,3.008640707035684,0.15985157509295303,1.9442149325261469,0.05764589047018035,1.166631459132316,0.11376325460420933,0.673865373730445,1.4051248414884783
text_gemini25flash,QID287_1,human,1.4270956316410865,1.0825638352829523,0.34453179635813425,0.4665824842630101,0.9605131473780736,0.302286536153793,0.9447375242586636,0.18007157122863002,0.6835785113304109,0.7704396102884137,1.4051248414884783
text_gemini25flash,QID287_2,twin,2.997704315886134,0.6722748869645939,2.32542942892154,2.901788331269055,0.09591598461708817,2.1308916525739336,0.046966077112724,0.8198465861994891,0.08693818824000177,0.6093495354844234,1.1032664305391582
text_gemini25flash,QID287_2,human,1.180055970965062,0.7225739360368965,0.4574820349281655,0.5708691969789919,0.6091867739860625,0.3728808594762214,0.5966150363258248,0.2105600751630085,0.5521665094879733,0.6549405619853582,1.1032664305391582
text_gemini25flash,QID287_3,twin,3.222622327167782,1.139156725040479,2.083465602127303,3.026259493241322,0.1963628339264594,2.1130331740400488,0.10286693972451152,1.0067222134032205,0.13169712239286646,0.7640125152120122,1.4910184092002274
text_gemini25flash,QID287_3,human,1.500163977436705,1.1513708707126649,0.3487931067240402,0.5066262909850808,0.9935376864516211,0.3413727574417118,0.9766190688386502,0.18217215115633384,0.6663483698933994,0.7722043293417502,1.4910184092002274
text_gemini25flash,QID287_4,twin,3.532935414753597,1.2521490644846776,2.2807863502689196,3.3993950273938998,0.13354038735970156,2.190628954089604,0.0028885528422065224,1.339417907821799,0.08508050972858117,0.7977622558152844,1.5695767195767192
text_gemini25flash,QID287_4,human,1.6086033495124408,1.2931833245478819,0.3154200249645589,0.4701173629343135,1.1384859865781305,0.34942943037834606,1.125441196406739,0.1337327227273539,0.7253458670597226,0.8239057756263265,1.5695767195767192
text_gemini25flash,QID287_6,twin,3.1996698587607684,1.1800802693336172,2.0195895894271514,3.0906585616679814,0.10901129709277319,2.3017039804551978,0.006758558735276052,0.8912073195702844,0.06406389876161711,0.6935110848266622,1.7016026061480605
text_gemini25flash,QID287_6,human,1.7287332196423106,1.3676402074097573,0.3610930122325533,0.552595049834642,1.1761381698076672,0.38354451108870735,1.1542283147675811,0.19096039378602206,0.6911943867258796,0.8037365495729358,1.7016026061480605
text_gemini25flash,QID287_7,twin,3.1768004722550174,0.7682830672588715,2.4085174049961457,3.079955694809467,0.09684477744554508,2.332233704831653,0.05130322955324555,0.7932635378701223,0.09440206367665871,0.7489046797371411,1.025875639512003
text_gemini25flash,QID287_7,human,1.0256657483930214,0.7439462639213813,0.2817194844716401,0.3602562841095961,0.6654094642834215,0.0987844454626508,0.6494839833936858,0.2773973195366841,0.6486258554691375,0.7251817230744145,1.025875639512003
text_gemini25flash,QID287_10,twin,3.584363111635839,0.8976027704807681,2.686760341155071,3.5042520156203563,0.08011109601546042,2.6402895398451482,0.023959741313469545,0.9201138304772033,0.06206871900359845,0.6954474087718181,1.2906838952293498
text_gemini25flash,QID287_10,human,1.3290218199309103,0.9635335974975396,0.36548822243337065,0.4766941139219748,0.8523277060089238,0.3877599789895424,0.8465476260914205,0.09471421484994069,0.660369056404371,0.7465294957649745,1.2906838952293498
text_gemini25flash,QID287_11,twin,3.548513271240544,1.4158357192591238,2.1326775519814203,3.4330986878294727,0.11541458341108232,2.724704697165201,-0.01938203932363401,0.8431906133989938,0.061242407870184756,0.7512845087106876,1.884553325462416
text_gemini25flash,QID287_11,human,1.8083694083694084,1.4534322155487245,0.3549371928206839,0.5713636408853543,1.2370057674840587,0.2475833339561928,1.1753952901829499,0.3853907842302685,0.6563920217967473,0.771234326941687,1.884553325462416
json_gpt41mini,QID287_1,twin,2.494553528064941,0.7331904807985258,1.761363047266415,2.3407981532301174,0.15375537483481616,1.7809561315611644,0.11591075489309259,0.5976866416106795,0.1124640615838417,0.5362907116177139,1.3671511829598284
json_gpt41mini,QID287_1,human,1.3104489002983417,1.0742669350755973,0.23618196522274437,0.3138786798540359,0.9965702204443075,0.03841732613430393,0.9779493777124995,0.29408219645154043,0.7289392957162004,0.785770402326575,1.3671511829598284
json_gpt41mini,QID287_2,twin,1.8012731561784499,0.37770647943269126,1.4235666767457587,1.6954920279700654,0.10578112820838438,1.1908029975541616,0.0788252350869929,0.5316449235372952,0.10664312250323116,0.38078435197869265,0.9919170193575244
json_gpt41mini,QID287_2,human,1.0745854436966629,0.6414750379779748,0.4331104057186881,0.5158418303283063,0.5587436133683572,0.37516113422599,0.551229731393843,0.14819457807683073,0.5632967299323703,0.6467023203145211,0.9919170193575244
json_gpt41mini,QID287_3,twin,2.0368070491917014,0.7069961335172349,1.3298109156744666,1.8509324555380768,0.18587459365362077,1.437440598908948,0.15020578692983308,0.44916066335291915,0.1298819731088472,0.49402153891275336,1.4311038645667105
json_gpt41mini,QID287_3,human,1.404704086588496,1.09645261267908,0.3082514739094162,0.42904795772187326,0.9756561288666213,0.19324748861183588,0.9553154106076677,0.25614118736899577,0.681750747114373,0.7661586554453533,1.4311038645667105
json_gpt41mini,QID287_4,twin,3.002966072295844,0.9862759730530374,2.0166900992428065,2.911806408978091,0.09115966331774462,2.2469061262211945,0.0269543288927525,0.7291056171818915,0.060026919803942924,0.6494441355345189,1.5186463609241652
json_gpt41mini,QID287_4,human,1.5577430097828349,1.2553420427289081,0.3024009670539267,0.4366228972311606,1.1211201125516714,0.3004958678273414,1.1079751618367866,0.14927198011870438,0.7382364593883588,0.8266190701335995,1.5186463609241652
json_gpt41mini,QID287_6,twin,2.169829320752099,0.7862041535878874,1.3836251671642117,2.021701528586543,0.1481277921655516,1.6523546658254165,0.10727215929572127,0.41020249563095795,0.09114924031047145,0.4837843748348174,1.6251127454381464
json_gpt41mini,QID287_6,human,1.640237979601748,1.2748508154910376,0.3653871641107105,0.5338901067566761,1.1063478728450717,0.2517654892752758,1.0751404064835226,0.31333208384294986,0.6807822263105748,0.7844691508756367,1.6251127454381464
json_gpt41mini,QID287_7,twin,1.2271733851384168,0.2799128780321101,0.9472605071063067,1.14330900062442,0.08386438451399388,0.8526435386020663,0.06814028615056451,0.3063895603857837,0.09192618252340057,0.3068206183798619,0.9123013945743423
json_gpt41mini,QID287_7,human,0.9426212447096374,0.6279578748794018,0.3146633698302356,0.37978724985876156,0.5628339948508776,0.06464902766858582,0.5457859962021303,0.33218622083892496,0.6169386544821432,0.6883228268793689,0.9123013945743423
json_gpt41mini,QID287_10,twin,2.713574550752793,0.6850962783784226,2.0284782723743704,2.6698485966752665,0.04372595407751948,2.031622950687562,0.01042149090806682,0.6715301091571617,0.03327466610978291,0.5213459693911408,1.3140914452230623
json_gpt41mini,QID287_10,human,1.333431624228127,1.0067046003970126,0.3267270238311144,0.4300325509774081,0.9033990732507211,0.2984665727061109,0.8965335793533254,0.13843147216869103,0.6874704774425895,0.7660841291194374,1.3140914452230623
json_gpt41mini,QID287_11,twin,1.54050163047249,0.6946626465461847,0.8458389839263052,1.3769933875250029,0.16350824294748015,1.2495627333969699,0.1377614356560356,0.15317746141947677,0.08882104232929544,0.3773550447439992,1.8408728231457712
json_gpt41mini,QID287_11,human,1.7479185457573028,1.4456790063711942,0.3022395393861086,0.49203436480474794,1.2558841809525525,0.198887977385869,1.1966552332813432,0.3523753350900899,0.6822221313509522,0.7853225862179599,1.8408728231457712
json_gpt41,QID287_1,twin,2.4596943460579825,0.7563896795215516,1.703304666536431,2.3067018230829204,0.15299252297505408,1.6028976489756088,0.08541356239591148,0.771383134686459,0.10888180071813824,0.538307812365122,1.4051248414884783
json_gpt41,QID287_1,human,1.4270956316410865,1.0825638352829523,0.34453179635813425,0.4665824842630101,0.9605131473780736,0.302286536153793,0.9447375242586636,0.18007157122863002,0.6835785113304109,0.7704396102884137,1.4051248414884783
json_gpt41,QID287_2,twin,1.573297914207005,0.42266859155533054,1.1506293226516744,1.4358134031334997,0.13748451107350135,0.6771354808504828,0.08931046240044525,0.806851970956077,0.12461587452299594,0.3831065460305681,1.1032664305391582
json_gpt41,QID287_2,human,1.180055970965062,0.7225739360368965,0.4574820349281655,0.5708691969789919,0.6091867739860625,0.3728808594762214,0.5966150363258248,0.2105600751630085,0.5521665094879733,0.6549405619853582,1.1032664305391582
json_gpt41,QID287_3,twin,2.375617648344921,0.8644990216095003,1.5111186267354206,2.1949184497707055,0.18069919857421177,1.4676222054829466,0.10623878139210906,0.8017566614698621,0.12119179579488737,0.5798043915991701,1.4910184092002274
json_gpt41,QID287_3,human,1.500163977436705,1.1513708707126649,0.3487931067240402,0.5066262909850808,0.9935376864516211,0.3413727574417118,0.9766190688386502,0.18217215115633384,0.6663483698933994,0.7722043293417502,1.4910184092002274
json_gpt41,QID287_4,twin,2.8230596003323276,1.0123969049167598,1.8106626954155678,2.698699841989845,0.12435975834248997,1.8994449096029604,0.037970732814955846,0.8856439579144222,0.07923139837091053,0.6450126918229148,1.5695767195767192
json_gpt41,QID287_4,human,1.6086033495124408,1.2931833245478819,0.3154200249645589,0.4701173629343135,1.1384859865781305,0.34942943037834606,1.125441196406739,0.1337327227273539,0.7253458670597226,0.8239057756263265,1.5695767195767192
json_gpt41,QID287_6,twin,2.6730596003323277,1.008411407346127,1.6646481929862007,2.547477575024181,0.12558202530814924,1.8863710025752005,0.03989907347696338,0.7467895242801684,0.07380220555281758,0.5926245080388545,1.7016026061480605
json_gpt41,QID287_6,human,1.7287332196423106,1.3676402074097573,0.3610930122325533,0.552595049834642,1.1761381698076672,0.38354451108870735,1.1542283147675811,0.19096039378602206,0.6911943867258796,0.8037365495729358,1.7016026061480605
json_gpt41,QID287_7,twin,1.8169836897109626,0.45199429384809753,1.3649893958628652,1.7455164967550212,0.07146719295594102,1.3073516134711578,0.0447798582456324,0.4648522179941784,0.06966457746275867,0.4405936513543746,1.025875639512003
json_gpt41,QID287_7,human,1.0256657483930214,0.7439462639213813,0.2817194844716401,0.3602562841095961,0.6654094642834215,0.0987844454626508,0.6494839833936858,0.2773973195366841,0.6486258554691375,0.7251817230744145,1.025875639512003
json_gpt41,QID287_10,twin,2.6280335825790377,0.6696654471184439,1.958368135460594,2.554234324846478,0.07379925773256107,1.8215660963977953,0.026181085962325577,0.7802864002189223,0.05717841371178434,0.5188454350392641,1.2906838952293498
json_gpt41,QID287_10,human,1.3290218199309103,0.9635335974975396,0.36548822243337065,0.4766941139219748,0.8523277060089238,0.3877599789895424,0.8465476260914205,0.09471421484994069,0.660369056404371,0.7465294957649745,1.2906838952293498
json_gpt41,QID287_11,twin,1.395231536140627,0.5686284944354939,0.826603041705133,1.3306323851897695,0.06459915095085157,0.9400772587349552,-0.009717560838970282,0.4648718382446399,0.034278229264221416,0.30173117775585817,1.884553325462416
json_gpt41,QID287_11,human,1.8083694083694084,1.4534322155487245,0.3549371928206839,0.5713636408853543,1.2370057674840587,0.2475833339561928,1.1753952901829499,0.3853907842302685,0.6563920217967473,0.771234326941687,1.884553325462416
summary_gpt41mini,QID287_1,twin,1.3574489483580394,0.550172740253141,0.8072762081048984,1.0932545055216765,0.2641944428363654,0.8273272552080573,0.23866022774214957,0.2914614654078371,0.18802204262256061,0.3915472305438223,1.4051248414884783
summary_gpt41mini,QID287_1,human,1.4270956316410865,1.0825638352829523,0.34453179635813425,0.4665824842630101,0.9605131473780736,0.302286536153793,0.9447375242586636,0.18007157122863002,0.6835785113304109,0.7704396102884137,1.4051248414884783
summary_gpt41mini,QID287_2,twin,1.2119447241398458,0.402624083015106,0.8093206411247398,1.0136851843346906,0.19825953980515404,0.755731330133345,0.18220640858265816,0.2740069854238396,0.1778721906948224,0.3612215974211052,1.1146179682765052
summary_gpt41mini,QID287_2,human,1.1965683185195375,0.7340298664351033,0.4625384520844342,0.5793357443738176,0.617232574145723,0.4078288139829393,0.6065592571384759,0.18218024739812505,0.5537615503365051,0.6585483881711579,1.1146179682765052
summary_gpt41mini,QID287_3,twin,1.123055162659123,0.5403091041070534,0.5827460585520696,0.850707559771044,0.27234760288807536,0.6554160959329131,0.2529781802583167,0.2146608864678887,0.18105427817422004,0.35919271474280084,1.5042318007310937
summary_gpt41mini,QID287_3,human,1.5116713201932441,1.1657194235973403,0.34595189659590386,0.5050294024853924,1.006641917707853,0.32245488856932114,0.9885337892112891,0.2006826424126283,0.6692066456902455,0.7749599649673488,1.5042318007310937
summary_gpt41mini,QID287_4,twin,3.1481500123436374,1.0073476645578254,2.140802347785812,3.134355779342595,0.01379423300104766,2.8960164783490265,-0.01042811634699408,0.2625616503416099,0.00907771382452216,0.6629157141221389,1.5195712563425925
summary_gpt41mini,QID287_4,human,1.5671409978931927,1.241668073414937,0.3254729244782557,0.47652598237901594,1.0906150155141736,0.36383964937229896,1.0791627383888245,0.12413861013207458,0.7177123224475436,0.817117373227675,1.5195712563425925
summary_gpt41mini,QID287_6,twin,1.9380957039438749,0.747672871065487,1.190422832878388,1.8141596721252982,0.12393603181857814,1.3465219658538246,0.0641326600974191,0.5274410779926318,0.07332649743396424,0.4423591110443307,1.6901943520511313
summary_gpt41mini,QID287_6,human,1.7225382228806216,1.353206107574396,0.3693321153062257,0.5628482676102592,1.1596899552703754,0.40598775734650405,1.1396300086966293,0.17692045683750207,0.686128168552354,0.8006216006651636,1.6901943520511313
summary_gpt41mini,QID287_7,twin,0.9125673611711473,0.2724663748668647,0.6401009863042826,0.8151397738595262,0.0974275873116237,0.6861747854499594,0.08964852412883646,0.13674405159235453,0.09700895123636233,0.2712956155679598,1.0043154375954582
summary_gpt41mini,QID287_7,human,0.9864269041238005,0.71678098852297,0.2696459156008305,0.3433819278018122,0.6430449763219914,0.12281345559310225,0.6297404655194683,0.2338729830112346,0.6402818798260993,0.7137010561533278,1.0043154375954582
summary_gpt41mini,QID287_10,twin,3.149505506067195,0.7787620295531328,2.370743476514062,3.0964457917756567,0.05305971429153901,2.782288316644511,0.03166250911852402,0.33555468030415675,0.04098292252533042,0.6015099091465423,1.2946786373944965
summary_gpt41mini,QID287_10,human,1.33765635594211,0.9679358540932366,0.3697205018488734,0.482894713588534,0.8547616423535795,0.3964276721068242,0.8488723887984515,0.09235629503683898,0.6602114360006455,0.7476263422722257,1.2946786373944965
summary_gpt41mini,QID287_11,twin,0.8243024917666064,0.31947269419372754,0.5048297975728788,0.8076789994103801,0.016623492356231836,0.5195693102069092,-0.03776264618518073,0.3424958277448781,0.008860393551115786,0.17028033211869165,1.8761573354874792
summary_gpt41mini,QID287_11,human,1.8014354066985652,1.4448311655983466,0.3566042411002186,0.5705324012609285,1.2309030054376422,0.24564966074400585,1.1695752597991103,0.38621048615545256,0.6560766424836212,0.7701012800309406,1.8761573354874792
summary_json_gpt41mini,QID287_1,twin,1.6250632484398722,0.7379567660398224,0.8871064824000497,1.2000882454656532,0.4249750029742171,0.9000149654556264,0.39617218187146286,0.32887610111278176,0.30313724646705154,0.5263890358337471,1.4019227525721036
summary_json_gpt41mini,QID287_1,human,1.4257041659639067,1.0806361904221264,0.34506797554178026,0.46681207898959354,0.9588920869743071,0.30285071411870984,0.9431540983737169,0.17969935347147523,0.6839835399026305,0.770824347090085,1.4019227525721036
summary_json_gpt41mini,QID287_2,twin,1.1497821350762525,0.4619239359261268,0.6878581991501257,0.8957786022728648,0.25400353280338867,0.6029959187682493,0.2375116731590296,0.30927454314897396,0.21071494551231207,0.3832004851084024,1.2054367201426026
summary_json_gpt41mini,QID287_2,human,1.2070707070707067,0.7936046870471035,0.4134660200236032,0.5384452986991785,0.66862540837153,0.2320903533865385,0.6513690505194368,0.323611303164734,0.5546748304568255,0.6583544982379668,1.2054367201426026
summary_json_gpt41mini,QID287_3,twin,1.1961238879249882,0.6363577046272929,0.5597661832976953,0.8374802319432716,0.3586436559817113,0.6183591390314948,0.33664502189004014,0.24111972700344972,0.2319280992479038,0.41152054529438886,1.546357069905374
summary_json_gpt41mini,QID287_3,human,1.5703569714644323,1.2167278626475906,0.35362910881684173,0.5290733826204033,1.041283588844031,0.37679108981110243,1.0259952275382511,0.16757065411508432,0.6733784900713456,0.7868349984147229,1.546357069905374
summary_json_gpt41mini,QID287_4,twin,3.1385693745506833,1.0906416682882216,2.0479277062624615,3.0434659447363566,0.09510342981433458,2.498278614423107,0.03545636544428074,0.6048343946833062,0.06077784655081775,0.696997490906035,1.5647712976276056
summary_json_gpt41mini,QID287_4,human,1.5965425053918048,1.288229337770428,0.30831316762137684,0.4581903077438043,1.138352197648003,0.34615185121447756,1.126094456763443,0.12429619741387586,0.7274879078967587,0.8232700457399424,1.5647712976276056
summary_json_gpt41mini,QID287_6,twin,2.547826086956522,1.0153297503818257,1.5324963365746964,2.3549081630361743,0.19291792392035795,1.7678695861243185,0.11984462127545162,0.6601118795567643,0.1127458714179741,0.5933831090295753,1.71108637056135
summary_json_gpt41mini,QID287_6,human,1.7380522676667058,1.3818289451767447,0.35622332248996114,0.547390026308614,1.1906622413580947,0.3825491379088734,1.1701432012131463,0.18535992854469735,0.695851630778567,0.8075740470794662,1.71108637056135
summary_json_gpt41mini,QID287_7,twin,1.7433051444679348,0.4803793584079392,1.2629257860599956,1.633364458211671,0.10994068625627179,1.1046581986598694,0.07961815325861188,0.5590287925494604,0.10527893406657274,0.4600101065667748,1.0442800093962883
summary_json_gpt41mini,QID287_7,human,1.0500352360817478,0.7673675858119683,0.28266765026977947,0.3655791167882053,0.6844561192935418,0.10601753288808569,0.6695696590889504,0.2744480441047114,0.6554335170020488,0.7348293359130693,1.0442800093962883
summary_json_gpt41mini,QID287_10,twin,2.6842441420528145,0.7100926421622035,1.9741514998906111,2.588085127109684,0.09615901494311715,1.9995236472638103,0.05708995056944207,0.6276305442195566,0.07333060672635838,0.5415147431832593,1.3113080504290058
summary_json_gpt41mini,QID287_10,human,1.3556963486424443,0.9726953984394466,0.3830009502029976,0.5021089125855721,0.8535874360568706,0.4590302323392904,0.8507278473999371,0.04593826890321597,0.6509434878994391,0.741774900353293,1.3113080504290058
summary_json_gpt41mini,QID287_11,twin,0.0995268671848597,0.05515680097737959,0.04437006620748011,0.07135232214686628,0.028174545037993277,-0.022787316904360713,0.010263404743891775,0.11205077934532928,0.014955659511380934,0.029278426112730797,1.8838717889072734
summary_json_gpt41mini,QID287_11,human,1.8094433447593303,1.452879879829332,0.35656346492999824,0.5733962869588624,1.2360470578004659,0.24941802327635698,1.1744064971233739,0.38561882435959843,0.6561205837247694,0.7712201479868569,1.8838717889072734
text_reasoning_gpt41mini,QID287_1,twin,2.59047619047619,0.824591794991984,1.765884395484206,2.391450475328095,0.19902571514809256,1.613479211707202,0.12432526395706837,0.8526717148119234,0.14164272758658258,0.5868459304430748,1.4051248414884783
text_reasoning_gpt41mini,QID287_1,human,1.4270956316410865,1.0825638352829523,0.34453179635813425,0.4665824842630101,0.9605131473780736,0.302286536153793,0.9447375242586636,0.18007157122863002,0.6835785113304109,0.7704396102884137,1.4051248414884783
text_reasoning_gpt41mini,QID287_2,twin,1.5838711793257247,0.43399205732451074,1.149879122001214,1.434877264858766,0.1489939144669595,0.7259118015318768,0.10397647592722929,0.753982901866623,0.13504799053311833,0.3933701282947783,1.1032664305391582
text_reasoning_gpt41mini,QID287_2,human,1.180055970965062,0.7225739360368965,0.4574820349281655,0.5708691969789919,0.6091867739860625,0.3728808594762214,0.5966150363258248,0.2105600751630085,0.5521665094879733,0.6549405619853582,1.1032664305391582
text_reasoning_gpt41mini,QID287_3,twin,1.6623026804844985,0.6706446276932863,0.9916580527912122,1.4403955569242273,0.22190712356027806,0.6921363850702374,0.14530052682039746,0.8248657685938705,0.14882923120936353,0.44978963610047956,1.4910184092002274
text_reasoning_gpt41mini,QID287_3,human,1.500163977436705,1.1513708707126649,0.3487931067240402,0.5066262909850808,0.9935376864516211,0.3413727574417118,0.9766190688386502,0.18217215115633384,0.6663483698933994,0.7722043293417502,1.4910184092002274
text_reasoning_gpt41mini,QID287_4,twin,3.177950500677774,1.133611197902552,2.0443393027752217,3.046982835257938,0.13096766541983518,2.203952163764419,0.03984705389898723,0.9341512830143706,0.08344139141867135,0.7222400687799845,1.5695767195767192
text_reasoning_gpt41mini,QID287_4,human,1.6086033495124408,1.2931833245478819,0.3154200249645589,0.4701173629343135,1.1384859865781305,0.34942943037834606,1.125441196406739,0.1337327227273539,0.7253458670597226,0.8239057756263265,1.5695767195767192
text_reasoning_gpt41mini,QID287_6,twin,2.371544448817176,0.9110919246387931,1.460452524178383,2.234988792471373,0.13655565634579972,1.7016357119152818,0.06743024114834476,0.6024784957535486,0.08025120310254019,0.5354316697370625,1.7016026061480605
text_reasoning_gpt41mini,QID287_6,human,1.7287332196423106,1.3676402074097573,0.3610930122325533,0.552595049834642,1.1761381698076672,0.38354451108870735,1.1542283147675811,0.19096039378602206,0.6911943867258796,0.8037365495729358,1.7016026061480605
text_reasoning_gpt41mini,QID287_7,twin,1.3186081595172507,0.3504075025890749,0.9682006569281758,1.2381123428207044,0.08049581669655252,0.9153251024341484,0.06083579497173495,0.342447262111379,0.07846547241812218,0.3415691815781488,1.025875639512003
text_reasoning_gpt41mini,QID287_7,human,1.0256657483930214,0.7439462639213813,0.2817194844716401,0.3602562841095961,0.6654094642834215,0.0987844454626508,0.6494839833936858,0.2773973195366841,0.6486258554691375,0.7251817230744145,1.025875639512003
text_reasoning_gpt41mini,QID287_10,twin,2.7352004897459445,0.6723605498237728,2.0628399399221715,2.690493419396978,0.044707070348967176,1.7777341416983443,-0.014615725949103004,0.9720820739967093,0.034638280150712575,0.5209335549230641,1.2906838952293498
text_reasoning_gpt41mini,QID287_10,human,1.3290218199309103,0.9635335974975396,0.36548822243337065,0.4766941139219748,0.8523277060089238,0.3877599789895424,0.8465476260914205,0.09471421484994069,0.660369056404371,0.7465294957649745,1.2906838952293498
text_reasoning_gpt41mini,QID287_11,twin,2.3059906423542786,0.9869254958465834,1.3190651465076952,2.1233781072201126,0.1826125351341595,1.269143246185182,0.020064608687477163,1.0167827874816207,0.09689963805579849,0.5236919977334257,1.884553325462416
text_reasoning_gpt41mini,QID287_11,human,1.8083694083694084,1.4534322155487245,0.3549371928206839,0.5713636408853543,1.2370057674840587,0.2475833339561928,1.1753952901829499,0.3853907842302685,0.6563920217967473,0.771234326941687,1.884553325462416
text_repeatq_gpt41mini,QID287_1,twin,2.7954261226988497,0.8548641841119773,1.9405619385868724,2.628007689690642,0.16741843300821718,1.951121847988095,0.10242415861219446,0.7418801160985743,0.1191484400993632,0.6083902005507223,1.4051248414884783
text_repeatq_gpt41mini,QID287_1,human,1.4270956316410865,1.0825638352829523,0.34453179635813425,0.4665824842630101,0.9605131473780736,0.302286536153793,0.9447375242586636,0.18007157122863002,0.6835785113304109,0.7704396102884137,1.4051248414884783
text_repeatq_gpt41mini,QID287_2,twin,1.7851174078446808,0.4545740937910858,1.330543314053595,1.6603191715688275,0.12479823627586004,1.0607070922112622,0.08672444943229274,0.637685866201137,0.11311704301097247,0.41202567322649236,1.1032664305391582
text_repeatq_gpt41mini,QID287_2,human,1.180055970965062,0.7225739360368965,0.4574820349281655,0.5708691969789919,0.6091867739860625,0.3728808594762214,0.5966150363258248,0.2105600751630085,0.5521665094879733,0.6549405619853582,1.1032664305391582
text_repeatq_gpt41mini,QID287_3,twin,2.0753312344221433,0.7652934070450789,1.3100378273770645,1.902846107733748,0.17248512668839938,1.1542371362826982,0.09584271754864482,0.8252513805908049,0.11568276127517385,0.5132689189636346,1.4910184092002274
text_repeatq_gpt41mini,QID287_3,human,1.500163977436705,1.1513708707126649,0.3487931067240402,0.5066262909850808,0.9935376864516211,0.3413727574417118,0.9766190688386502,0.18217215115633384,0.6663483698933994,0.7722043293417502,1.4910184092002274
text_repeatq_gpt41mini,QID287_4,twin,3.531647645284009,1.2335726759144774,2.2980749693695315,3.4251628270802477,0.10648481820374643,2.5703673587531384,0.014092585710914304,0.9471877008199445,0.06784301581158969,0.7859269703281182,1.5695767195767192
text_repeatq_gpt41mini,QID287_4,human,1.6086033495124408,1.2931833245478819,0.3154200249645589,0.4701173629343135,1.1384859865781305,0.34942943037834606,1.125441196406739,0.1337327227273539,0.7253458670597226,0.8239057756263265,1.5695767195767192
text_repeatq_gpt41mini,QID287_6,twin,2.783602256329529,1.0581191101314975,1.7254831461980313,2.640575732183008,0.143026524146524,2.0548525983409127,0.06711366961613648,0.6616359883724847,0.08405401098338405,0.6218367945067828,1.7016026061480605
text_repeatq_gpt41mini,QID287_6,human,1.7287332196423106,1.3676402074097573,0.3610930122325533,0.552595049834642,1.1761381698076672,0.38354451108870735,1.1542283147675811,0.19096039378602206,0.6911943867258796,0.8037365495729358,1.7016026061480605
text_repeatq_gpt41mini,QID287_7,twin,1.617241680878045,0.44766643979627113,1.169575241081774,1.4956254485874247,0.12161623229062414,1.173553672179176,0.1019997873730559,0.3416882213258221,0.1185487086412107,0.4363749586735687,1.025875639512003
text_repeatq_gpt41mini,QID287_7,human,1.0256657483930214,0.7439462639213813,0.2817194844716401,0.3602562841095961,0.6654094642834215,0.0987844454626508,0.6494839833936858,0.2773973195366841,0.6486258554691375,0.7251817230744145,1.025875639512003
text_repeatq_gpt41mini,QID287_10,twin,2.8332874196510565,0.6977391701813876,2.135548249469669,2.7853244455891435,0.04796297406190611,2.041500219466423,-0.00038025741869116887,0.7921674576033219,0.03716089914748899,0.5405964797115579,1.2906838952293498
text_repeatq_gpt41mini,QID287_10,human,1.3290218199309103,0.9635335974975396,0.36548822243337065,0.4766941139219748,0.8523277060089238,0.3877599789895424,0.8465476260914205,0.09471421484994069,0.660369056404371,0.7465294957649745,1.2906838952293498
text_repeatq_gpt41mini,QID287_11,twin,2.741379159560978,1.1359219315880427,1.6054572279729353,2.5844005801999583,0.15697857936102091,1.931035913237197,0.032653201560756864,0.7776900447630324,0.08329749932785946,0.6027539344419026,1.884553325462416
text_repeatq_gpt41mini,QID287_11,human,1.8083694083694084,1.4534322155487245,0.3549371928206839,0.5713636408853543,1.2370057674840587,0.2475833339561928,1.1753952901829499,0.3853907842302685,0.6563920217967473,0.771234326941687,1.884553325462416
text_t07_gpt41mini,QID287_1,twin,2.9752896934715114,0.8735119758098928,2.1017777176616184,2.8463342984338866,0.12895539503762957,2.196622595174401,0.06657036920559149,0.7120967290915297,0.09177504462950381,0.6216614709370331,1.4051248414884783
text_t07_gpt41mini,QID287_1,human,1.4270956316410865,1.0825638352829523,0.34453179635813425,0.4665824842630101,0.9605131473780736,0.302286536153793,0.9447375242586636,0.18007157122863002,0.6835785113304109,0.7704396102884137,1.4051248414884783
text_t07_gpt41mini,QID287_2,twin,1.9686234640780098,0.5224121553497934,1.4462113087282165,1.8046555393268298,0.16396792475118432,1.069989452117349,0.11731856432538941,0.7813154476352792,0.14862042405391995,0.4735140496339532,1.1032664305391582
text_t07_gpt41mini,QID287_2,human,1.180055970965062,0.7225739360368965,0.4574820349281655,0.5708691969789919,0.6091867739860625,0.3728808594762214,0.5966150363258248,0.2105600751630085,0.5521665094879733,0.6549405619853582,1.1032664305391582
text_t07_gpt41mini,QID287_3,twin,2.182174559447287,0.8275701549510055,1.3546044044962815,1.9675796108693846,0.21459494857790637,1.0798327275418138,0.12370763298422338,0.9786341989212546,0.14392508318727848,0.5550368458528347,1.4910184092002274
text_t07_gpt41mini,QID287_3,human,1.500163977436705,1.1513708707126649,0.3487931067240402,0.5066262909850808,0.9935376864516211,0.3413727574417118,0.9766190688386502,0.18217215115633384,0.6663483698933994,0.7722043293417502,1.4910184092002274
text_t07_gpt41mini,QID287_4,twin,3.6542481087935634,1.2682905879998554,2.385957520793708,3.556147260703714,0.09810084808986615,2.904015437480237,0.027613910267004476,0.7226187610463445,0.0625014673486759,0.8080462536051668,1.5695767195767192
text_t07_gpt41mini,QID287_4,human,1.6086033495124408,1.2931833245478819,0.3154200249645589,0.4701173629343135,1.1384859865781305,0.34942943037834606,1.125441196406739,0.1337327227273539,0.7253458670597226,0.8239057756263265,1.5695767195767192
text_t07_gpt41mini,QID287_6,twin,2.8533014123923217,1.079699056095417,1.7736023562969048,2.714214480100588,0.13908693229174382,2.153099438189682,0.06636341824512478,0.6338385559575267,0.0817387865940078,0.6345189248032156,1.7016026061480605
text_t07_gpt41mini,QID287_6,human,1.7287332196423106,1.3676402074097573,0.3610930122325533,0.552595049834642,1.1761381698076672,0.38354451108870735,1.1542283147675811,0.19096039378602206,0.6911943867258796,0.8037365495729358,1.7016026061480605
text_t07_gpt41mini,QID287_7,twin,1.602636757182212,0.44174915056341435,1.1608876066187976,1.484515904939044,0.1181208522431617,1.1587311680455379,0.0982782618196068,0.3456273273170667,0.1151414924906009,0.4306069211016154,1.025875639512003
text_t07_gpt41mini,QID287_7,human,1.0256657483930214,0.7439462639213813,0.2817194844716401,0.3602562841095961,0.6654094642834215,0.0987844454626508,0.6494839833936858,0.2773973195366841,0.6486258554691375,0.7251817230744145,1.025875639512003
text_t07_gpt41mini,QID287_10,twin,2.9628623901351174,0.6971388973061097,2.2657234928290078,2.9551076792994273,0.0077547108356902025,2.3028385087197014,-0.034638099714944165,0.6946619811303631,0.006008218483513517,0.5401313984647114,1.2906838952293498
text_t07_gpt41mini,QID287_10,human,1.3290218199309103,0.9635335974975396,0.36548822243337065,0.4766941139219748,0.8523277060089238,0.3877599789895424,0.8465476260914205,0.09471421484994069,0.660369056404371,0.7465294957649745,1.2906838952293498
text_t07_gpt41mini,QID287_11,twin,2.731868468232104,1.1380198787469564,1.5938485894851477,2.5657134600945843,0.1661550081375203,1.909351341956942,0.04125926088111903,0.7812578653940477,0.08816678514350373,0.60386716755161,1.884553325462416
text_t07_gpt41mini,QID287_11,human,1.8083694083694084,1.4534322155487245,0.3549371928206839,0.5713636408853543,1.2370057674840587,0.2475833339561928,1.1753952901829499,0.3853907842302685,0.6563920217967473,0.771234326941687,1.884553325462416
json_predout_gpt41mini,QID287_1,twin,2.656178669815033,0.7878969786057809,1.8682816912092521,2.530122101942037,0.12605656787299374,2.2598929778516506,0.10010928879156089,0.29617640317182276,0.08971200575990057,0.5607309438577323,1.4051248414884783
json_predout_gpt41mini,QID287_1,human,1.4270956316410865,1.0825638352829523,0.34453179635813425,0.4665824842630101,0.9605131473780736,0.302286536153793,0.9447375242586636,0.18007157122863002,0.6835785113304109,0.7704396102884137,1.4051248414884783
json_predout_gpt41mini,QID287_2,twin,1.713004503913595,0.4035637855890244,1.3094407183245707,1.6339862864318346,0.07901821748176505,1.4102499283418908,0.06481154836962917,0.23794302720208124,0.07162206271711669,0.365789961896879,1.1032664305391582
json_predout_gpt41mini,QID287_2,human,1.180055970965062,0.7225739360368965,0.4574820349281655,0.5708691969789919,0.6091867739860625,0.3728808594762214,0.5966150363258248,0.2105600751630085,0.5521665094879733,0.6549405619853582,1.1032664305391582
json_predout_gpt41mini,QID287_3,twin,1.7607394289212475,0.6228346324202947,1.1379047965009528,1.6528207565797008,0.10791867234154034,1.4504486258448577,0.08719986154209247,0.22309094153429046,0.07237916827561319,0.417724307478121,1.4910184092002274
json_predout_gpt41mini,QID287_3,human,1.500163977436705,1.1513708707126649,0.3487931067240402,0.5066262909850808,0.9935376864516211,0.3413727574417118,0.9766190688386502,0.18217215115633384,0.6663483698933994,0.7722043293417502,1.4910184092002274
json_predout_gpt41mini,QID287_4,twin,3.113631990904718,1.0529443753172318,2.0606876155874865,3.071349156668859,0.04228283423586076,2.416862486232795,-0.028458631832896077,0.7252281365048244,0.02693900445163555,0.6708460709083326,1.5695767195767192
json_predout_gpt41mini,QID287_4,human,1.6086033495124408,1.2931833245478819,0.3154200249645589,0.4701173629343135,1.1384859865781305,0.34942943037834606,1.125441196406739,0.1337327227273539,0.7253458670597226,0.8239057756263265,1.5695767195767192
json_predout_gpt41mini,QID287_6,twin,2.047614674887402,0.7741137697773557,1.273500905110046,1.948889267540116,0.09872540734729567,1.6835625054054184,0.06433763822363134,0.2997145312583615,0.058019073895744455,0.4549321721654664,1.7016026061480605
json_predout_gpt41mini,QID287_6,human,1.7287332196423106,1.3676402074097573,0.3610930122325533,0.552595049834642,1.1761381698076672,0.38354451108870735,1.1542283147675811,0.19096039378602206,0.6911943867258796,0.8037365495729358,1.7016026061480605
json_predout_gpt41mini,QID287_7,twin,1.6279155188246093,0.41451688974326384,1.2133986290813454,1.5516657716322686,0.07624974719233851,1.3375844679534803,0.06321068444573892,0.2271203664253938,0.07432650143501762,0.4040615390189445,1.025875639512003
json_predout_gpt41mini,QID287_7,human,1.0256657483930214,0.7439462639213813,0.2817194844716401,0.3602562841095961,0.6654094642834215,0.0987844454626508,0.6494839833936858,0.2773973195366841,0.6486258554691375,0.7251817230744145,1.025875639512003
json_predout_gpt41mini,QID287_10,twin,2.8481044208316937,0.7086444567292262,2.1394599641024676,2.7904263646835137,0.05767805614818098,2.1873925901223963,0.018485192659196407,0.6422266380501032,0.04468798004017227,0.5490457108425473,1.2906838952293498
json_predout_gpt41mini,QID287_10,human,1.3290218199309103,0.9635335974975396,0.36548822243337065,0.4766941139219748,0.8523277060089238,0.3877599789895424,0.8465476260914205,0.09471421484994069,0.660369056404371,0.7465294957649745,1.2906838952293498
json_predout_gpt41mini,QID287_11,twin,0.4569176614631161,0.22656686739265972,0.23035079407045636,0.3708094588087286,0.08610820265438629,0.2978410112608886,0.07222341477466286,0.08685323542756486,0.04569157130815482,0.1202231129952593,1.884553325462416
json_predout_gpt41mini,QID287_11,human,1.8083694083694084,1.4534322155487245,0.3549371928206839,0.5713636408853543,1.2370057674840587,0.2475833339561928,1.1753952901829499,0.3853907842302685,0.6563920217967473,0.771234326941687,1.884553325462416
json_predout_gpt41,QID287_1,twin,2.3802140523091984,0.7528792779151854,1.627334774394013,2.201275958763951,0.17893809354524576,1.4009041051389781,0.10259090590427165,0.8767190412659601,0.12752082695835254,0.5365419191485659,1.403206815806533
json_predout_gpt41,QID287_1,human,1.421589120110069,1.0810467305915024,0.34054238951856663,0.46064754885263104,0.9609415712574388,0.2980786858638562,0.945434184995702,0.17807624925052576,0.68481820386905,0.7704115447658655,1.403206815806533
json_predout_gpt41,QID287_2,twin,2.0513390396309865,0.4999906016780587,1.5513484379529279,1.9338356344008993,0.1175034052300721,1.1243552405322559,0.06643945207975942,0.8605443470189674,0.106693686659864,0.45399399688770137,1.1013154471329605
json_predout_gpt41,QID287_2,human,1.1766372532158558,0.7219390709252217,0.4546981822906341,0.5668046754030587,0.6098325778127955,0.3701246365686835,0.597425532052686,0.2090870845944833,0.5537310671527984,0.6555243302948631,1.1013154471329605
json_predout_gpt41,QID287_3,twin,2.321406994844929,0.8355847561742288,1.4858222386707003,2.152941446399948,0.16846554844498174,1.3543513656219304,0.0868433703160851,0.880212258906928,0.11328501833862115,0.561890756302521,1.487094683088809
json_predout_gpt41,QID287_3,human,1.4981633130040963,1.1480887356814302,0.3500745773226661,0.5072545337073396,0.9909087792967499,0.34187695885744407,0.9740058923240303,0.1822804618226273,0.6663387278330906,0.772034725654968,1.487094683088809
json_predout_gpt41,QID287_4,twin,2.787634444165156,0.9767090673546094,1.8109253768105464,2.691987596644348,0.09564684752078564,1.9671165261436452,0.017826041978435958,0.8026918760430632,0.06108974851496152,0.6238251739975966,1.5656775456746352
json_predout_gpt41,QID287_4,human,1.6104084809518135,1.292031989460199,0.3183764914916145,0.47327492183475806,1.1371335591170602,0.3546786370273866,1.124401283277077,0.1313285606473483,0.7262884763587002,0.8252222771090933,1.5656775456746352
json_predout_gpt41,QID287_6,twin,2.6594654425026567,0.994114353707588,1.6653510887950687,2.5416291084033036,0.11783633409932756,1.921514744237041,0.0377983586748215,0.7001523395907807,0.0694234335392343,0.5856837985713562,1.697356758258477
json_predout_gpt41,QID287_6,human,1.7283202582386323,1.3650707674635656,0.36324949077506674,0.5543848895157617,1.1739353687228709,0.3863526268161377,1.152247494856963,0.18972013656553907,0.69162558961815,0.8042332649408109,1.697356758258477
json_predout_gpt41,QID287_7,twin,1.2218885463934348,0.36160732530124173,0.8602812210921931,1.0986877213024546,0.12320082509097414,0.7322434107315031,0.10077392739312228,0.3888712082688073,0.12028683957627295,0.353054472614098,1.0242253061512474
json_predout_gpt41,QID287_7,human,1.0277090581962982,0.7435736106615506,0.2841354475347476,0.36287683578269464,0.6648322224136056,0.10105504040172764,0.6488083670809144,0.2778456507136601,0.6491073969963302,0.7259863686200964,1.0242253061512474
json_predout_gpt41,QID287_10,twin,2.6248021096544027,0.6631213010957447,1.9616808085586581,2.556559555735799,0.0682425539185809,1.7735775118927253,0.01746142624448539,0.8337631715171819,0.052876880055130915,0.5138111557471323,1.290593428497092
json_predout_gpt41,QID287_10,human,1.324238094608122,0.9618661947553526,0.3623718998527694,0.47226100151298633,0.8519770930951273,0.385418517530063,0.846344832047317,0.09247474503073176,0.6601436783133652,0.7452898593133662,1.290593428497092
json_predout_gpt41,QID287_11,twin,2.6165645795023087,1.0946547890089493,1.5219097904933594,2.443376086871115,0.17318849263118805,1.8482196418485657,0.06031279531026098,0.7080321423434849,0.09212336674418387,0.5822747403945512,1.8799626929844284
json_predout_gpt41,QID287_11,human,1.8034458276557,1.4479008324342153,0.35554499522148464,0.5708157898434074,1.2326300378122936,0.2472621721559639,1.1712657687656984,0.3849178867340372,0.6556672865967896,0.770175300731996,1.8799626929844284
finetune500_gpt41mini,QID287_1,twin,1.0438388238941374,0.47603684311743083,0.5678019807767065,0.7896656822565308,0.25417314163761096,0.5056636922735965,0.2232059159841779,0.3149692156363672,0.1730406575212713,0.32408510122928486,1.4688637068220012
finetune500_gpt41mini,QID287_1,human,1.5159046779904384,1.0975986787307517,0.4183059992596867,0.5817554420038196,0.9341492359866174,0.4213528226085143,0.9166591327992564,0.17789272258266858,0.6359672661582201,0.7472433784244628,1.4688637068220012
finetune500_gpt41mini,QID287_2,twin,0.7359105519930815,0.2796042716529127,0.45630628034016885,0.589178089365713,0.1467324626273716,0.2635857377132315,0.12521828209747815,0.34710653218237336,0.1256169584299784,0.23936787770177065,1.168094375642469
finetune500_gpt41mini,QID287_2,human,1.2288780654951297,0.7651631900769243,0.46371487541820533,0.5987439929726222,0.6301340725225094,0.4001119193115176,0.6170090520173188,0.21175709416629382,0.5394547612438647,0.6550525420140588,1.168094375642469
finetune500_gpt41mini,QID287_3,twin,0.7825191313002757,0.4439753437876607,0.33854378751261505,0.5059638399782198,0.2765552913220579,0.1720918215292593,0.2357734887245086,0.3746538210465079,0.18041379018116654,0.2896320447777656,1.5328944148024868
finetune500_gpt41mini,QID287_3,human,1.6048223930034098,1.1964845378277749,0.4083378551756349,0.6102731665263169,0.9945492264771012,0.4785745185924468,0.978462498732277,0.14778537567869152,0.6488047819035525,0.7805394332928937,1.5328944148024868
finetune500_gpt41mini,QID287_4,twin,1.1491507171178226,0.5545211710691639,0.5946295460486587,0.9217044936058849,0.2274462235119389,0.544327828460113,0.1771979302340417,0.42762495842366854,0.1378939909126775,0.3361899623727313,1.6494281005759786
finetune500_gpt41mini,QID287_4,human,1.673405453032454,1.3606960401414883,0.31270941289096577,0.4847146815521388,1.1886907714803232,0.3768955950641216,1.1743344914577853,0.12217536651055452,0.7206684371784582,0.8249501992031872,1.6494281005759786
finetune500_gpt41mini,QID287_6,twin,0.7904531140372346,0.4300696064847776,0.360383507552457,0.5657444341619293,0.2247086798753088,0.2083851363672468,0.1720662922451838,0.41000168542480686,0.12943255440885565,0.2477207723877187,1.7361063520811921
finetune500_gpt41mini,QID287_6,human,1.77898657137729,1.3862066670051523,0.39277990437213783,0.6166015927264517,1.1623849786508382,0.432161020395907,1.1352151465987086,0.2116104043826809,0.6695355830346488,0.7984572289269084,1.7361063520811921
finetune500_gpt41mini,QID287_7,twin,0.7943120074404035,0.2308535785741397,0.5634584288662638,0.7350979284723019,0.059214078968103045,0.2858731253923811,0.029983200884590267,0.47845568116343157,0.056368389085570736,0.21975929653272386,1.0504837893843724
finetune500_gpt41mini,QID287_7,human,1.0568146588999299,0.7959703801139936,0.2608442787859363,0.34030210423013113,0.7165125546697968,0.09655406668278133,0.7006519674542389,0.2596086247629012,0.6820786402517485,0.7577179087936861,1.0504837893843724
finetune500_gpt41mini,QID287_10,twin,0.9598079527469117,0.3162438323464666,0.6435641204004451,0.8372437124603848,0.1225642402865299,0.38754232406325584,0.0897289494344389,0.4825366792492198,0.09399715433584721,0.24253420285833216,1.3039143700948
finetune500_gpt41mini,QID287_10,human,1.3609696999363652,0.959379196291352,0.40159050364501314,0.5224485230024501,0.8385211769339138,0.4248283073687008,0.831393362219347,0.10474803034831874,0.6430799415708179,0.7357685583460525,1.3039143700948
finetune500_gpt41mini,QID287_11,twin,-0.6423058723709762,-0.26313767169979146,-0.3791682006711848,-0.610740999678025,-0.03156487269295319,-0.3400074891991244,0.025162164184071443,-0.3274605473559227,-0.01650656995806643,-0.13760550941442592,1.9122611646841907
finetune500_gpt41mini,QID287_11,human,1.8539045800903948,1.4881526319086735,0.3657519481817213,0.5891309188673313,1.2647736612230618,0.20412168148891013,1.18410232811721,0.465680570484269,0.6614021581262091,0.7782162078025788,1.9122611646841907
demog_only_gpt41mini,QID287_1,twin,0.4883313656040924,0.16030181456980133,0.3280295510342911,0.4442343042096581,0.04409706139443561,0.4011514513932493,0.03996026522409586,0.047219648986747985,0.031383020278627105,0.11408368127631296,1.4051248414884783
demog_only_gpt41mini,QID287_1,human,1.4270956316410865,1.0825638352829523,0.34453179635813425,0.4665824842630101,0.9605131473780736,0.302286536153793,0.9447375242586636,0.18007157122863002,0.6835785113304109,0.7704396102884137,1.4051248414884783
demog_only_gpt41mini,QID287_2,twin,0.49416240325331184,0.12157414146723351,0.37258826178607835,0.46493445768426095,0.029227945569051252,0.3583823838052736,0.022462169681154765,0.1133178497668847,0.026492191514218166,0.11019472550054943,1.1032664305391582
demog_only_gpt41mini,QID287_2,human,1.180055970965062,0.7225739360368965,0.4574820349281655,0.5708691969789919,0.6091867739860625,0.3728808594762214,0.5966150363258248,0.2105600751630085,0.5521665094879733,0.6549405619853582,1.1032664305391582
demog_only_gpt41mini,QID287_3,twin,0.422521754339936,0.15480722701902658,0.2677145273209094,0.38885865404079456,0.03366310029914277,0.3282176687721279,0.02745469059415433,0.0668493949736526,0.022577253299776112,0.10382650278749017,1.4910184092002274
demog_only_gpt41mini,QID287_3,human,1.500163977436705,1.1513708707126649,0.3487931067240402,0.5066262909850808,0.9935376864516211,0.3413727574417118,0.9766190688386502,0.18217215115633384,0.6663483698933994,0.7722043293417502,1.4910184092002274
demog_only_gpt41mini,QID287_4,twin,2.39319165682802,0.8662527473578175,1.5269389094702022,2.2758240969721872,0.1173675598558282,1.930396641784805,0.08003136080982895,0.3827636542333825,0.07477656771532626,0.5519021380435785,1.5695767195767192
demog_only_gpt41mini,QID287_4,human,1.6086033495124408,1.2931833245478819,0.3154200249645589,0.4701173629343135,1.1384859865781305,0.34942943037834606,1.125441196406739,0.1337327227273539,0.7253458670597226,0.8239057756263265,1.5695767195767192
demog_only_gpt41mini,QID287_6,twin,0.7213411167956627,0.3147108106780923,0.4066303061175704,0.6222825883116236,0.09905852848403579,0.508648848457395,0.08433098732185698,0.1283612810164079,0.05821484295224244,0.18494965248702058,1.7016026061480605
demog_only_gpt41mini,QID287_6,human,1.7287332196423106,1.3676402074097573,0.3610930122325533,0.552595049834642,1.1761381698076672,0.38354451108870735,1.1542283147675811,0.19096039378602206,0.6911943867258796,0.8037365495729358,1.7016026061480605
demog_only_gpt41mini,QID287_7,twin,0.444743976562159,0.10389776775432973,0.3408462088078293,0.4358661555420956,0.008877821020063844,0.3590856968003204,0.004201349034687273,0.08145693072715514,0.008653895928639965,0.10127715656037282,1.025875639512003
demog_only_gpt41mini,QID287_7,human,1.0256657483930214,0.7439462639213813,0.2817194844716401,0.3602562841095961,0.6654094642834215,0.0987844454626508,0.6494839833936858,0.2773973195366841,0.6486258554691375,0.7251817230744145,1.025875639512003
demog_only_gpt41mini,QID287_10,twin,2.3240434649525556,0.5811103789018497,1.742933086050706,2.273249566151804,0.05079389880075163,1.8289705589853733,0.021918954786931386,0.4731539511802536,0.03935425164015527,0.4502344695318202,1.2906838952293498
demog_only_gpt41mini,QID287_10,human,1.3290218199309103,0.9635335974975396,0.36548822243337065,0.4766941139219748,0.8523277060089238,0.3877599789895424,0.8465476260914205,0.09471421484994069,0.660369056404371,0.7465294957649745,1.2906838952293498
demog_only_gpt41mini,QID287_11,twin,0.3370763916218462,0.167714923222384,0.16936146839946223,0.27263129130368047,0.06444510031816683,0.1713722217039365,0.0451770365243088,0.12052713339360295,0.03419648542041326,0.08899452244538185,1.884553325462416
demog_only_gpt41mini,QID287_11,human,1.8083694083694084,1.4534322155487245,0.3549371928206839,0.5713636408853543,1.2370057674840587,0.2475833339561928,1.1753952901829499,0.3853907842302685,0.6563920217967473,0.771234326941687,1.884553325462416
human_retest_wave1_3,QID287_1,twin,1.4051248414884783,1.4051248414884783,-0.0,1.0547118733938987e-14,1.4051248414884736,-3.885780586188048e-15,1.4051248414884765,3.147386879812826e-15,0.9999999999999967,1.0,1.4051248414884783
human_retest_wave1_3,QID287_1,human,1.4270956316410865,1.0825638352829523,0.34453179635813425,0.4665824842630145,0.960513147378077,0.30228653615378803,0.944737524258666,0.18007157122863177,0.6835785113304134,0.7704396102884137,1.4051248414884783
human_retest_wave1_3,QID287_2,twin,1.1032664305391582,1.1032664305391582,-0.0,-8.881784197001252e-16,1.1032664305391624,-5.329070518200751e-15,1.1032664305391564,3.873706929000401e-15,1.0000000000000038,1.0,1.1032664305391582
human_retest_wave1_3,QID287_2,human,1.180055970965062,0.7225739360368965,0.4574820349281655,0.5708691969790048,0.6091867739860638,0.3728808594762286,0.596615036325826,0.21056007516301223,0.5521665094879744,0.6549405619853582,1.1032664305391582
human_retest_wave1_3,QID287_3,twin,1.4910184092002274,1.4910184092002274,-0.0,-2.55351295663786e-15,1.491018409200224,-4.218847493575595e-15,1.4910184092002259,1.573693439906413e-15,0.9999999999999978,1.0,1.4910184092002274
human_retest_wave1_3,QID287_3,human,1.500163977436705,1.1513708707126653,0.34879310672403974,0.506626290985088,0.9935376864516183,0.3413727574417277,0.9766190688386468,0.18217215115633603,0.6663483698933975,0.7722043293417504,1.4910184092002274
human_retest_wave1_3,QID287_4,twin,1.5695767195767192,1.5695767195767192,-0.0,1.099120794378905e-14,1.5695767195767145,9.325873406851315e-15,1.5695767195767156,4.115813612062927e-15,0.999999999999997,1.0,1.5695767195767192
human_retest_wave1_3,QID287_4,human,1.6086033495124408,1.2931833245478819,0.3154200249645589,0.47011736293430656,1.1384859865781378,0.34942943037835056,1.125441196406741,0.13373272272735692,0.7253458670597273,0.8239057756263265,1.5695767195767192
human_retest_wave1_3,QID287_6,twin,1.7016026061480605,1.7016026061480605,-0.0,-1.9984014443252818e-15,1.7016026061480627,-1.021405182655144e-14,1.701602606148075,5.205293685844289e-15,1.0000000000000013,1.0,1.7016026061480605
human_retest_wave1_3,QID287_6,human,1.7287332196423106,1.3676402074097571,0.3610930122325535,0.5525950498346486,1.1761381698076696,0.3835445110887088,1.1542283147675898,0.190960393786026,0.6911943867258811,0.8037365495729357,1.7016026061480605
human_retest_wave1_3,QID287_7,twin,1.025875639512003,1.025875639512003,-0.0,-2.220446049250313e-16,1.0258756395120048,-9.992007221626409e-16,1.0258756395120054,4.842133661250501e-15,1.0000000000000018,1.0,1.025875639512003
human_retest_wave1_3,QID287_7,human,1.0256657483930214,0.7439462639213813,0.2817194844716401,0.36025628410960725,0.6654094642834204,0.09878444546266191,0.6494839833936826,0.27739731953668695,0.6486258554691364,0.7251817230744145,1.025875639512003
human_retest_wave1_3,QID287_10,twin,1.2906838952293498,1.2906838952293498,-0.0,1.3322676295501878e-15,1.2906838952293496,-3.219646771412954e-15,1.2906838952293482,3.5105469044066137e-15,0.9999999999999998,1.0,1.2906838952293498
human_retest_wave1_3,QID287_10,human,1.3290218199309103,0.9635335974975394,0.36548822243337087,0.476694113921997,0.8523277060089223,0.38775997898955816,0.8465476260914162,0.09471421484994438,0.6603690564043698,0.7465294957649743,1.2906838952293498
human_retest_wave1_3,QID287_11,twin,1.884553325462416,1.884553325462416,0.0,-1.0325074129013956e-14,1.884553325462425,-2.9976021664879227e-15,1.8845533254624245,-6.052667076563127e-16,1.0000000000000047,1.0,1.884553325462416
human_retest_wave1_3,QID287_11,human,1.8083694083694084,1.4534322155487245,0.3549371928206839,0.5713636408853433,1.2370057674840595,0.24758333395618481,1.175395290182953,0.3853907842302691,0.6563920217967477,0.771234326941687,1.884553325462416
