run,respondents,paper_accuracy,own_accuracy,own_accuracy_8items,mean_ratio,min_ratio,max_ratio,mean_abs_ratio_minus_1
text_gpt41mini,2058,71.72,72.99385268679197,75.8609693877551,1.830030090708695,1.4505330505942615,2.3026722646358846,0.8300300907086949
text_gemini25flash,2058,69.4,70.25910259659419,74.19976919339165,2.3390559048668855,1.8508754401230323,3.0973058008735515,1.3390559048668853
json_gpt41mini,1000,70.48,71.29848663538725,76.2375,1.5623384473625257,0.881334907860396,2.035030894308944,0.5920047203974266
json_gpt41,2058,71.05,72.03654522521504,77.15318270165209,1.557760584339832,0.7715412181179815,1.9774194397467884,0.6148752798103366
summary_gpt41mini,2058,68.02,68.67861795780249,73.48733455967421,1.1972698982858332,0.4575809316845171,2.354495227474923,0.4280636869843184
summary_json_gpt41mini,2058,67.88,68.42882295754924,74.49156022953399,1.2476295708762966,0.0550041356492969,1.979974457215836,0.5553214524330826
text_reasoning_gpt41mini,2058,70.39,71.65505566590711,76.74775267249757,1.528971112694561,1.108080653506183,2.0580553672836874,0.5289711126945611
text_repeatq_gpt41mini,2058,70.45,71.36838793058335,76.54427842565597,1.7356510318532472,1.3834029250377102,2.195474506723135,0.7356510318532472
text_t07_gpt41mini,2058,71.24,72.45238678001247,75.72886297376094,1.804062697882965,1.4546240226191256,2.2716899787018017,0.804062697882965
json_predout_gpt41mini,2058,69.0,69.825085287094,74.54597910592808,1.448687881714863,0.2526683206143787,2.1430080214783485,0.6355208015612683
json_predout_gpt41,2050,71.92,73.0637694145728,78.36128048780488,1.6073663297837373,1.1889440271529137,1.9821224901637893,0.6073663297837374
finetune500_gpt41mini,1558,69.61,69.85429608453771,72.98419448010269,0.5020589999045872,-0.3464611281879771,0.7516095663048682,0.49794100009541276
demog_only_gpt41mini,2058,,68.90156910337006,71.96307094266278,0.6645385681200271,0.1863979727050266,1.748687214987465,0.6445694959786195
human_retest_wave1_3,2058,81.72,100.0,100.0,0.9858708352792748,0.9349272048824052,1.042128514638888,0.02471245310750994
