run,party,answers,share_1,share_2,share_3,share_4,share_5,share_modal_code,mean_deport_11
text_gpt41mini,Republican,2976,0.2913306451612903,0.34610215053763443,0.16599462365591397,0.13541666666666666,0.061155913978494625,0.34610215053763443,4.252688172043011
text_gpt41mini,Democrat,5272,0.07321699544764795,0.05633535660091047,0.006828528072837633,0.23861911987860396,0.625,0.625,1.4203338391502276
text_gemini25flash,Republican,2976,0.521505376344086,0.28326612903225806,0.04065860215053763,0.06081989247311828,0.09375,0.521505376344086,4.583333333333333
text_gemini25flash,Democrat,5272,0.12158573596358119,0.01043247344461305,0.013846737481031867,0.11570561456752655,0.7384294385432474,0.7384294385432474,1.0682852807283763
json_gpt41mini,Republican,928,0.08728448275862069,0.5064655172413793,0.1411637931034483,0.24676724137931033,0.018318965517241378,0.5064655172413793,3.189655172413793
json_gpt41mini,Democrat,1744,0.058486238532110095,0.06651376146788991,0.0,0.16743119266055045,0.7075688073394495,0.7075688073394495,1.5321100917431192
json_gpt41,Republican,2976,0.06653225806451613,0.6404569892473119,0.1081989247311828,0.1676747311827957,0.017137096774193547,0.6404569892473119,3.0940860215053765
json_gpt41,Democrat,5272,0.04457511380880121,0.0832701062215478,0.0034142640364188165,0.2672610015174507,0.6014795144157815,0.6014795144157815,1.660091047040971
summary_gpt41mini,Republican,2926,0.18181818181818182,0.2641831852358168,0.082365003417635,0.28058783321941216,0.1910457963089542,0.28058783321941216,2.2690217391304346
summary_gpt41mini,Democrat,5083,0.0903010033444816,0.039937045052134565,0.0,0.01613220539051741,0.8536297462128665,0.8536297462128665,1.3034901365705616
summary_json_gpt41mini,Republican,2822,0.27923458540042523,0.23316796598157336,0.1481218993621545,0.22749822820694543,0.11197732104890148,0.27923458540042523,1.6549865229110512
summary_json_gpt41mini,Democrat,4760,0.06533613445378152,0.07521008403361344,0.0004201680672268908,0.061764705882352944,0.7972689075630253,0.7972689075630253,1.5417298937784523
text_reasoning_gpt41mini,Republican,2976,0.09946236559139784,0.3941532258064516,0.21438172043010753,0.25806451612903225,0.03393817204301075,0.3941532258064516,3.728494623655914
text_reasoning_gpt41mini,Democrat,5272,0.07625189681335356,0.05178300455235205,0.004742033383915023,0.1430197268588771,0.7242033383915023,0.7242033383915023,1.3899848254931715
text_repeatq_gpt41mini,Republican,2976,0.21908602150537634,0.31989247311827956,0.2476478494623656,0.17943548387096775,0.03393817204301075,0.31989247311827956,4.201612903225806
text_repeatq_gpt41mini,Democrat,5272,0.06619878603945371,0.0620257966616085,0.00853566009104704,0.19916540212443096,0.6640743550834598,0.6640743550834598,1.4704097116843702
text_t07_gpt41mini,Republican,2976,0.2862903225806452,0.35618279569892475,0.15255376344086022,0.14079301075268819,0.06418010752688172,0.35618279569892475,4.174731182795699
text_t07_gpt41mini,Democrat,5272,0.07283763277693475,0.05823216995447648,0.004742033383915023,0.2306525037936267,0.633535660091047,0.633535660091047,1.43247344461305
json_predout_gpt41mini,Republican,2976,0.16834677419354838,0.3118279569892473,0.31048387096774194,0.1928763440860215,0.01646505376344086,0.3118279569892473,2.206989247311828
json_predout_gpt41mini,Democrat,5272,0.03433232169954476,0.09142640364188163,0.0017071320182094083,0.08725341426403642,0.7852807283763278,0.7852807283763278,1.725341426403642
json_predout_gpt41,Republican,2960,0.031081081081081083,0.6418918918918919,0.09898648648648649,0.2233108108108108,0.00472972972972973,0.6418918918918919,3.9702702702702704
json_predout_gpt41,Democrat,5240,0.08187022900763359,0.044274809160305344,0.0026717557251908397,0.3286259541984733,0.542557251908397,0.542557251908397,1.3480916030534351
finetune500_gpt41mini,Republican,2976,0.2614247311827957,0.06317204301075269,0.007728494623655914,0.655241935483871,0.01243279569892473,0.655241935483871,3.21505376344086
finetune500_gpt41mini,Democrat,5272,0.03793626707132018,0.005690440060698027,0.0037936267071320183,0.8672230652503794,0.08535660091047041,0.8672230652503794,3.8573596358118363
demog_only_gpt41mini,Republican,2976,0.04838709677419355,0.2385752688172043,0.0456989247311828,0.354502688172043,0.31283602150537637,0.354502688172043,1.7688172043010753
demog_only_gpt41mini,Democrat,5272,0.07132018209408195,0.05405918057663126,0.0,0.03528072837632777,0.8393399089529591,0.8393399089529591,1.4294385432473444
human_retest_wave1_3,Republican,2976,0.1975806451612903,0.15188172043010753,0.1790994623655914,0.25705645161290325,0.21438172043010753,0.25705645161290325,4.303763440860215
human_retest_wave1_3,Democrat,5272,0.05026555386949924,0.05974962063732929,0.11096358118361153,0.25929438543247346,0.5197268588770865,0.5197268588770865,2.3915022761760243
human_w4,Republican,2976,0.1905241935483871,0.1646505376344086,0.1737231182795699,0.2654569892473118,0.2056451612903226,0.2654569892473118,4.309139784946237
human_w4,Democrat,5272,0.04381638846737481,0.054628224582701064,0.1037556904400607,0.27655538694992415,0.5212443095599393,0.5212443095599393,2.455235204855842
