run,respondents,gap_twin,gap_human,gap_ratio,gap_ratio_lo,gap_ratio_hi,sd_ratio_all,sd_ratio_all_lo,sd_ratio_all_hi,sd_ratio_within,sd_ratio_within_lo,sd_ratio_within_hi,d_ratio,d_ratio_lo,d_ratio_hi,gap_if_sd_matched,gap_if_sd_matched_lo,gap_if_sd_matched_hi,r2_party_twin,r2_party_twin_lo,r2_party_twin_hi,r2_party_human,tv_marginal,tv_within_party,corr_w4,corr_w4_lo,corr_w4_hi,grand_mean_diff,sd_twin,sd_human,share_log_shrink_by_sd,share_log_shrink_by_sd_lo,share_log_shrink_by_sd_hi
text_gpt41mini,1031,2.664973301842153,1.5092107624781765,1.7658059219417268,1.6629573200097572,1.8850524511202098,1.099459730372149,1.072988410813076,1.127862377173712,0.5262913859272633,0.5015973219836396,0.5511291820923887,1.6060669373893581,1.5327252234573239,1.688147364252443,1.6060669373893581,1.5327252234573239,1.688147364252443,0.819282599544261,0.8046539003240911,0.8328819020107402,0.3205336775938131,0.25933559650824445,0.3746193625891298,0.5746413469815989,0.5457348357925245,0.6021255993178662,0.049224054316197474,1.4042590796757306,1.2772264784999556,,,
text_gemini25flash,1031,3.2956795486807966,1.5092107624781765,2.183710605978701,2.054078040078015,2.3318733121864423,1.3236862762898811,1.2920312422137574,1.3578033949980637,0.5618113016826645,0.505954258693368,0.615408293054807,1.6497191555837198,1.5761896100419124,1.7342548771914212,1.6497191555837198,1.5761896100419124,1.7342548771914212,0.8768509733739802,0.8531272237366737,0.9001747412661939,0.3205336775938131,0.31680407371484,0.40209715151663483,0.5740927326427044,0.5446272117957192,0.6001915459626693,0.13566925315227918,1.6906471613044443,1.2772264784999556,,,
json_gpt41mini,1031,2.2110981493198354,1.4843403986080355,1.4896166346973572,1.32369438369035,1.701857208812261,0.945873076051321,0.9040268306603167,0.9961939456505295,0.5380443204594334,0.49164394236235287,0.5856186793924195,1.5748589027567732,1.4379674665740527,1.7337653078201734,1.5748589027567732,1.4379674665740525,1.733765307820173,0.7458641393266501,0.7018108736213546,0.7866422015164738,0.30345419837160537,0.27657185628742514,0.4054343957608352,0.5305957665337793,0.47342108117484116,0.5810491708411226,-0.2642215568862274,1.2135430897266,1.2829872426358775,,,
json_gpt41,1031,2.227871020771126,1.5092107624781765,1.4761828342072545,1.3899132609094877,1.57686478607477,0.9755606524585573,0.95209549266547,1.0001912804149498,0.56325034455646,0.5369698100573433,0.5923149165514543,1.5131635644457933,1.4462051313336761,1.5906701318619434,1.5131635644457933,1.4462051313336761,1.5906701318619434,0.7368228061620337,0.7169946378961207,0.7575569272113597,0.3205336775938131,0.245635305528613,0.3927265366227748,0.5531947119396265,0.5258754219773057,0.5783979032887463,-0.06049951503394757,1.2460118967027622,1.2772264784999556,,,
summary_gpt41mini,1031,1.7288052916223973,1.50688414131259,1.1472715414713304,1.0744602198478619,1.2354355169649203,0.8812207775310305,0.8483211342979138,0.9142035477959176,0.6763509113859826,0.6423193795461972,0.7118888921720816,1.3019115875657294,1.239902176787486,1.372385971408248,1.3019115875657294,1.239902176787486,1.3723859714082478,0.5205731091771293,0.49660779912761266,0.545253394678538,0.32143247743516534,0.34043528917251653,0.4025240174775419,0.4829334179571998,0.45431815136652154,0.5109073794567184,-0.5455778419122419,1.125025936896758,1.2766675112323282,,,
summary_json_gpt41mini,1031,1.8239121283618065,1.5264045102748367,1.1949074547961092,1.1220760573006474,1.2765005690633182,0.9440635602767162,0.9119944552171595,0.9787406578484782,0.7287478584115242,0.6955578992973666,0.7649383897247044,1.2657065742966158,1.210909907428856,1.3272484894485677,1.2657065742966158,1.210909907428856,1.3272484894485677,0.5047287431331733,0.479774297462411,0.5308251003833643,0.32758851191810034,0.2824770023621092,0.34866830616763345,0.47455344896551044,0.44227798565397014,0.5025089857543985,-0.4217033125504921,1.214473560483754,1.2864319857105568,,,
text_reasoning_gpt41mini,1031,2.2389041517777017,1.5092107624781765,1.4834933645061894,1.3961452117705606,1.5837853498787025,0.9535363254501753,0.9295746878721279,0.9794480218311371,0.5286076216297032,0.50373760597784,0.5538362519236455,1.5557806503132594,1.4883272269858085,1.6364664810904888,1.5557806503132594,1.4883272269858088,1.6364664810904888,0.7663665163335003,0.7468396995376572,0.7847253853406917,0.3205336775938131,0.2598205625606208,0.38830395312219557,0.5683428794014838,0.5387089486895932,0.5951530135032475,-0.21338506304558713,1.217881843076515,1.2772264784999556,,,
text_repeatq_gpt41mini,1031,2.526444229608237,1.5092107624781765,1.6740168387480405,1.5790280417865874,1.7815070619509816,1.0383695469484984,1.014509409215704,1.06378946973577,0.49824853412533415,0.4756550621279242,0.5206143246195075,1.6121590272630264,1.540941188998693,1.693523008724299,1.6121590272630264,1.5409411889986933,1.693523008724299,0.8265216972229932,0.8119925869034912,0.8402948493588399,0.3205336775938131,0.2710960232783705,0.393962269730938,0.574521144091635,0.5463112474549392,0.602093028116274,-0.035281280310378804,1.326233079830625,1.2772264784999556,,,
text_t07_gpt41mini,1031,2.6389910380668002,1.5092107624781765,1.7485901264933237,1.6460250856960548,1.8699489389601378,1.097875585618376,1.0713192957301805,1.1287975831320585,0.5487073118800226,0.5208698786141162,0.5739569711878318,1.5927033530929955,1.5219055979618523,1.6756582481425275,1.592703353092996,1.5219055979618523,1.6756582481425275,0.8048778706076732,0.7889891505042559,0.8206460575055726,0.3205336775938131,0.2615179437439379,0.3675736187935451,0.5648772999527939,0.5368929436205627,0.5915692931863196,0.0349175557710959,1.402235768050435,1.2772264784999556,,,
json_predout_gpt41mini,1031,2.0408508329662083,1.5092107624781765,1.3522636358722093,1.2704161763672324,1.4472826996781356,0.90092485814071,0.8748380880272716,0.9287022031788703,0.49877056970264483,0.4758391527234944,0.5211159473332717,1.5009727211467478,1.435909579450732,1.579128397487798,1.500972721146748,1.4359095794507317,1.5791283974877983,0.7346756932688419,0.7172919175223602,0.7544720195213824,0.3205336775938131,0.3212900096993211,0.4212710281136293,0.5146244864768182,0.4855997855098095,0.5424338129528532,-0.3115906886517945,1.1506850839561311,1.2772264784999556,,,
json_predout_gpt41,1031,2.3325536414276877,1.5066768103981845,1.5481446487593054,1.4580850335665274,1.6535351779140137,0.9581433062824777,0.9355446290730105,0.9835790518357318,0.4537688098474303,0.42967581244660996,0.4797711819607419,1.6157756763609687,1.543587436672268,1.6980204941738009,1.615775676360969,1.543587436672268,1.6980204941738009,0.8246271208679362,0.8059298860543992,0.8406196218954606,0.31923906276936875,0.2519512195121951,0.4080255828347431,0.5817674865676665,0.553809958336052,0.6078823667166232,-0.009512195121951006,1.2243580742020126,1.277844416564812,,,
finetune500_gpt41mini,1031,0.7017108032698613,1.5092107624781765,0.4649521595761932,0.3974226394965252,0.5360693811870778,0.8237316993315524,0.7750324550330236,0.8688705555225047,0.9201571523628492,0.8681629416233616,0.9738671131228064,0.5644461175325605,0.49754999605477335,0.6309484641742912,0.5644461175325605,0.4975499960547733,0.6309484641742913,0.15685866068421112,0.11935242787802745,0.1995265484911006,0.3205336775938131,0.5487390882638215,0.5394962940754157,0.26672160858865274,0.2265930036872944,0.30638005866158974,0.2795829291949561,1.052091937566023,1.2772264784999556,0.2532059974028261,0.1926091019861679,0.3151137339425668
demog_only_gpt41mini,1031,0.9572803979636791,1.5092107624781765,0.6342920563273691,0.5884788396679087,0.6818772999585575,0.5192141242704923,0.5008123915457315,0.5369992105867554,0.4168550318206432,0.39826831549455793,0.43388803806462484,1.2216386779126318,1.161089403086814,1.2913401097156447,1.2216386779126316,1.161089403086814,1.2913401097156447,0.4047172290882356,0.36963391776884047,0.4441835441441075,0.3205336775938131,0.3885790494665373,0.4870060636839787,0.39500040563188865,0.3614859768010741,0.42816906210490563,-0.796071774975752,0.6631540275294392,1.2772264784999556,1.4397473794627582,1.2820689556997797,1.6658552268387794
human_retest_wave1_3,1031,1.4777557842609361,1.5092107624781765,0.979157995026758,0.9461872392516746,1.0119589230053772,1.0127122930863495,0.9984603146144535,1.0274662364787683,1.0279881151735977,1.0117385963784777,1.0467864845576502,0.9668668996232571,0.9391579436858084,0.9936104098725793,0.9668668996232571,0.9391579436858085,0.9936104098725795,0.29990164044889367,0.2680971070219295,0.328822212887922,0.3205336775938131,0.02861299709020369,0.0388232312725374,0.7685134662840005,0.7462242856689288,0.787062660408158,0.01103297769156164,1.2934629558322932,1.2772264784999556,-0.5997536341224056,-8.282857455463999,0.040628668219004474
