item,ours,published,source_location
configurations,252.0,252.0,"arXiv 2509.13397 PDF (In Press, AMPPS version, fetched 3 Oct 2026), Study 1 Method, Analytic Features and Silicon Samples, p.4"
humans,85.0,85.0,"arXiv 2509.13397 PDF (In Press, AMPPS version, fetched 3 Oct 2026), Study 1 Method, Sample, p.4"
simulated participants (configurations x 85),21420.0,21420.0,"arXiv 2509.13397 PDF (In Press, AMPPS version, fetched 3 Oct 2026), Study 1 Method, p.4"
simulated participants with complete data,21153.0,21153.0,"arXiv 2509.13397 PDF (In Press, AMPPS version, fetched 3 Oct 2026), Study 1 Method, p.4"
completion rate minimum,0.21,0.21,"arXiv 2509.13397 PDF (In Press, AMPPS version, fetched 3 Oct 2026), Results, Success completion rates, p.6"
completion rate mean,0.99,0.99,"arXiv 2509.13397 PDF (In Press, AMPPS version, fetched 3 Oct 2026), Results, Success completion rates, p.6"
completion rate median,1.0,1.0,"arXiv 2509.13397 PDF (In Press, AMPPS version, fetched 3 Oct 2026), Results, Success completion rates, p.6"
configurations below 50% completion,1.0,1.0,"arXiv 2509.13397 PDF (In Press, AMPPS version, fetched 3 Oct 2026), Results, Success completion rates, p.6"
"Spearman rho range, bjw_score: min",-0.24,-0.24,"arXiv 2509.13397 PDF (In Press, AMPPS version, fetched 3 Oct 2026), Results, Data Feature 1, p.6"
"Spearman rho range, bjw_score: max",0.4,0.4,"arXiv 2509.13397 PDF (In Press, AMPPS version, fetched 3 Oct 2026), Results, Data Feature 1, p.6"
"configurations with a defined rho, bjw_score",246.0,246.0,"arXiv 2509.13397 PDF (In Press, AMPPS version, fetched 3 Oct 2026), Study 1 Method, Data Feature 1, p.5"
"Spearman rho range, gut_diff: min",-0.29,-0.29,"arXiv 2509.13397 PDF (In Press, AMPPS version, fetched 3 Oct 2026), Results, Data Feature 1, p.6"
"Spearman rho range, gut_diff: max",0.22,0.22,"arXiv 2509.13397 PDF (In Press, AMPPS version, fetched 3 Oct 2026), Results, Data Feature 1, p.6"
"configurations with a defined rho, gut_diff",233.0,233.0,"arXiv 2509.13397 PDF (In Press, AMPPS version, fetched 3 Oct 2026), Study 1 Method, Data Feature 1, p.5"
human BJW-Gut Feelings correlation r,0.26,0.26,"arXiv 2509.13397 PDF (In Press, AMPPS version, fetched 3 Oct 2026), Results, Data Feature 3, p.6"
human BJW-Gut Feelings correlation 95% CI low,0.05,0.05,"arXiv 2509.13397 PDF (In Press, AMPPS version, fetched 3 Oct 2026), Results, Data Feature 3, p.6"
human BJW-Gut Feelings correlation 95% CI high,0.45,0.45,"arXiv 2509.13397 PDF (In Press, AMPPS version, fetched 3 Oct 2026), Results, Data Feature 3, p.6"
"simulated BJW-Gut correlation, min over configurations",-0.4,-0.4,"arXiv 2509.13397 PDF (In Press, AMPPS version, fetched 3 Oct 2026), Results, Data Feature 3, p.6"
"simulated BJW-Gut correlation, max over configurations",0.78,0.78,"arXiv 2509.13397 PDF (In Press, AMPPS version, fetched 3 Oct 2026), Results, Data Feature 3, p.6"
"simulated BJW-Gut correlation, mean over configurations",0.21,0.21,"arXiv 2509.13397 PDF (In Press, AMPPS version, fetched 3 Oct 2026), Results, Data Feature 3, p.6"
configurations in that correlation (ours: variance in both scales),232.0,232.0,"arXiv 2509.13397 PDF (In Press, AMPPS version, fetched 3 Oct 2026), Study 1 Method, Data Feature 3, p.5"
