run,outcome,contrast,n_a,n_b,g,p,se_p,k_rel_halfwidth,m_family,ratio,ci_lo,ci_hi,verdict,label,outcome_label
text_gpt41mini,QID287_1,Republican - Democrat,540,847,-2.9586470768288953,-1.4270956316410865,0.06558938670212744,0.17117868093971772,511,2.0731946838255007,1.774475599544355,2.491927606372447,steepened,not kept,False consensus : Placing a tax on carbon emissions?
text_gpt41mini,QID287_2,Republican - Democrat,540,847,-1.9302199484017661,-1.180055970965062,0.0595540592837678,0.18796541349660748,511,1.6357020310004553,1.383809544449998,1.9938377095674642,steepened,not kept,False consensus : Ensuring 40% of all new clean energy infrastructure developm
text_gpt41mini,QID287_3,Republican - Democrat,540,847,-2.176037430582885,-1.500163977436705,0.06460970627005541,0.160408809661338,511,1.4505330505942617,1.2500276077879982,1.7201374120654078,steepened,not kept,False consensus : Federal investments to ensure a carbon-pollution free electr
text_gpt41mini,QID287_4,Republican - Democrat,540,847,-3.7040863177226817,-1.6086033495124408,0.07050108461801945,0.16323602550375962,511,2.3026722646358846,1.9808517474473046,2.7486156771904233,steepened,not kept,False consensus : A 'Medicare for All' system in which all Americans would get
text_gpt41mini,QID287_6,Republican - Democrat,540,847,-2.8509160872797232,-1.7287332196423106,0.06831735951859715,0.1471879569511816,511,1.649135942369177,1.4409829422579288,1.9258791312075447,steepened,not kept,False consensus : Immigration reforms that would provide a path to U.S. citize
text_gpt41mini,QID287_7,Republican - Democrat,540,847,-1.7430539157811884,-1.0256657483930214,0.05826635314546072,0.21158319273847934,511,1.6994366035057198,1.4034114252464476,2.139919203937664,steepened,not kept,False consensus : A law that requires companies to provide paid family leave f
text_gpt41mini,QID287_10,Republican - Democrat,540,847,-3.019226901045083,-1.3290218199309103,0.06814178801019068,0.1909636012075698,511,2.271766238722882,1.9043579117048874,2.8101361647814347,steepened,not kept,False consensus : A 2% tax on the assets of individuals with a net worth of mo
text_gpt41mini,QID287_11,Republican - Democrat,540,847,2.81707770344134,1.8083694083694084,0.05932038531393051,0.12217602575909428,511,1.5577999110156788,1.3753809122394791,1.784882020963136,steepened,not kept,False consensus : Increasing deportations for those in the US illegally?
text_gemini25flash,QID287_1,Republican - Democrat,540,847,-3.168492282128646,-1.4270956316410865,0.06558938670212744,0.17117868093971772,511,2.22023823202727,1.9008990909549504,2.6664026353793795,steepened,not kept,False consensus : Placing a tax on carbon emissions?
text_gemini25flash,QID287_2,Republican - Democrat,540,847,-2.997704315886134,-1.180055970965062,0.0595540592837678,0.18796541349660748,511,2.5403068919134237,2.139414625850495,3.1191891250877988,steepened,not kept,False consensus : Ensuring 40% of all new clean energy infrastructure developm
text_gemini25flash,QID287_3,Republican - Democrat,540,847,-3.222622327167782,-1.500163977436705,0.06460970627005541,0.160408809661338,511,2.1481800494064665,1.8558083336098516,2.5468606037324175,steepened,not kept,False consensus : Federal investments to ensure a carbon-pollution free electr
text_gemini25flash,QID287_4,Republican - Democrat,540,847,-3.532935414753597,-1.6086033495124408,0.07050108461801945,0.16323602550375962,511,2.1962750580025903,1.8852652814484232,2.6253353416971956,steepened,not kept,False consensus : A 'Medicare for All' system in which all Americans would get
text_gemini25flash,QID287_6,Republican - Democrat,540,847,-3.1996698587607684,-1.7287332196423106,0.06831735951859715,0.1471879569511816,511,1.8508754401230323,1.61192427253759,2.1686004492418065,steepened,not kept,False consensus : Immigration reforms that would provide a path to U.S. citize
text_gemini25flash,QID287_7,Republican - Democrat,540,847,-3.1768004722550174,-1.0256657483930214,0.05826635314546072,0.21158319273847934,511,3.0973058008735515,2.56432780226641,3.9092727199071473,steepened,not kept,False consensus : A law that requires companies to provide paid family leave f
text_gemini25flash,QID287_10,Republican - Democrat,540,847,-3.584363111635839,-1.3290218199309103,0.06814178801019068,0.1909636012075698,511,2.6969934262043744,2.2645323474067567,3.329602543725545,steepened,not kept,False consensus : A 2% tax on the assets of individuals with a net worth of mo
text_gemini25flash,QID287_11,Republican - Democrat,540,847,3.548513271240544,1.8083694083694084,0.05932038531393051,0.12217602575909428,511,1.9622723403843736,1.7460088757921304,2.236225537147624,steepened,not kept,False consensus : Increasing deportations for those in the US illegally?
json_gpt41mini,QID287_1,Republican - Democrat,284,406,-2.494553528064941,-1.3104489002983417,0.0948847506535907,0.2693896094997678,503,1.9035870284579746,1.5003818020074386,2.5859264217660054,steepened,not kept,False consensus : Placing a tax on carbon emissions?
json_gpt41mini,QID287_2,Republican - Democrat,284,406,-1.8012731561784499,-1.0745854436966629,0.08739417879842856,0.3025840721857344,503,1.6762493543388426,1.2715943842918918,2.404039404812542,steepened,not kept,False consensus : Ensuring 40% of all new clean energy infrastructure developm
json_gpt41mini,QID287_3,Republican - Democrat,284,406,-2.0368070491917014,-1.404704086588496,0.09219653914304493,0.24419360357275793,503,1.4499901215054827,1.1582505537473875,1.9082160426512633,kept or steepened,unresolved,False consensus : Federal investments to ensure a carbon-pollution free electr
json_gpt41mini,QID287_4,Republican - Democrat,284,406,-3.002966072295844,-1.5577430097828349,0.09695507245425665,0.2315683680197784,503,1.9277673232598795,1.5673336837946776,2.500335349550717,steepened,not kept,False consensus : A 'Medicare for All' system in which all Americans would get
json_gpt41mini,QID287_6,Republican - Democrat,284,406,-2.169829320752099,-1.640237979601748,0.09443684559924699,0.21420969325758368,503,1.322874697291753,1.0798622816906762,1.6813542175359988,kept or steepened,unresolved,False consensus : Immigration reforms that would provide a path to U.S. citize
json_gpt41mini,QID287_7,Republican - Democrat,284,406,-1.2271733851384168,-0.9426212447096374,0.08416053320222036,0.3321817475281363,503,1.3018732518769318,0.9677511922894095,1.9374911219352837,reference too imprecise,not read,False consensus : A law that requires companies to provide paid family leave f
json_gpt41mini,QID287_10,Republican - Democrat,284,406,-2.713574550752793,-1.333431624228127,0.09682694256183774,0.2701655557320238,503,2.035030894308944,1.594906801312393,2.7912011558408976,steepened,not kept,False consensus : A 2% tax on the assets of individuals with a net worth of mo
json_gpt41mini,QID287_11,Republican - Democrat,284,406,1.54050163047249,1.7479185457573028,0.08383272927562906,0.1784419357419355,503,0.881334907860396,0.6864985680404483,1.1276924668199997,attenuated or kept,unresolved,False consensus : Increasing deportations for those in the US illegally?
json_gpt41,QID287_1,Republican - Democrat,540,847,-2.4596943460579825,-1.4270956316410865,0.06558938670212744,0.17117868093971772,511,1.7235665862346314,1.4755901171533061,2.0701307832398994,steepened,not kept,False consensus : Placing a tax on carbon emissions?
json_gpt41,QID287_2,Republican - Democrat,540,847,-1.573297914207005,-1.180055970965062,0.0595540592837678,0.18796541349660748,511,1.3332400775196669,1.1225176496993114,1.6311983613652417,kept or steepened,unresolved,False consensus : Ensuring 40% of all new clean energy infrastructure developm
json_gpt41,QID287_3,Republican - Democrat,540,847,-2.375617648344921,-1.500163977436705,0.06460970627005541,0.160408809661338,511,1.5835719855132657,1.366199607663271,1.8798519017778885,steepened,not kept,False consensus : Federal investments to ensure a carbon-pollution free electr
json_gpt41,QID287_4,Republican - Democrat,540,847,-2.8230596003323276,-1.6086033495124408,0.07050108461801945,0.16323602550375962,511,1.754975582506391,1.511241617801728,2.0913146720159315,steepened,not kept,False consensus : A 'Medicare for All' system in which all Americans would get
json_gpt41,QID287_6,Republican - Democrat,540,847,-2.6730596003323277,-1.7287332196423106,0.06831735951859715,0.1471879569511816,511,1.5462533894532355,1.3497102195605004,1.808699329695746,steepened,not kept,False consensus : Immigration reforms that would provide a path to U.S. citize
json_gpt41,QID287_7,Republican - Democrat,540,847,-1.8169836897109626,-1.0256657483930214,0.05826635314546072,0.21158319273847934,511,1.7715163956266957,1.4395537100271436,2.2590385744782715,steepened,not kept,False consensus : A law that requires companies to provide paid family leave f
json_gpt41,QID287_10,Republican - Democrat,540,847,-2.6280335825790377,-1.3290218199309103,0.06814178801019068,0.1909636012075698,511,1.9774194397467884,1.6606642681141572,2.4402546671518777,steepened,not kept,False consensus : A 2% tax on the assets of individuals with a net worth of mo
json_gpt41,QID287_11,Republican - Democrat,540,847,1.395231536140627,1.8083694083694084,0.05932038531393051,0.12217602575909428,511,0.7715412181179815,0.6260694061070626,0.937084642712668,attenuated or kept,unresolved,False consensus : Increasing deportations for those in the US illegally?
summary_gpt41mini,QID287_1,Republican - Democrat,540,847,-1.3574489483580394,-1.4270956316410865,0.06558938670212744,0.17117868093971772,511,0.9511969052817035,0.7999143399288055,1.144632642412219,kept,kept,False consensus : Placing a tax on carbon emissions?
summary_gpt41mini,QID287_2,Republican - Democrat,533,777,-1.2119447241398458,-1.1965683185195375,0.061080582933828426,0.1901230862478451,511,1.0128504201409352,0.8398374032179924,1.2415262928143436,kept,kept,False consensus : Ensuring 40% of all new clean energy infrastructure developm
summary_gpt41mini,QID287_3,Republican - Democrat,539,808,-1.123055162659123,-1.5116713201932441,0.06475930683138709,0.15955631593347575,511,0.7429228481463533,0.62159874081197,0.8908642651773816,attenuated or kept,unresolved,False consensus : Federal investments to ensure a carbon-pollution free electr
summary_gpt41mini,QID287_4,Republican - Democrat,517,807,-3.1481500123436374,-1.5671409978931927,0.0695384672104426,0.16526703038448856,511,2.0088492462234706,1.7025885329392487,2.428856788259584,steepened,not kept,False consensus : A 'Medicare for All' system in which all Americans would get
summary_gpt41mini,QID287_6,Republican - Democrat,532,807,-1.9380957039438749,-1.7225382228806216,0.06500778415763338,0.1405612716760862,511,1.1251394472412775,0.9528044081520438,1.3395169708886816,kept or steepened,unresolved,False consensus : Immigration reforms that would provide a path to U.S. citize
summary_gpt41mini,QID287_7,Republican - Democrat,516,807,-0.9125673611711473,-0.9864269041238005,0.06141956263300608,0.23190547019307983,511,0.9251241600934847,0.7105033654542614,1.2345556814470666,attenuated or kept,unresolved,False consensus : A law that requires companies to provide paid family leave f
summary_gpt41mini,QID287_10,Republican - Democrat,530,807,-3.149505506067195,-1.33765635594211,0.06867845983515555,0.19122522121087518,511,2.354495227474923,1.961917564067158,2.9239501996826722,steepened,not kept,False consensus : A 2% tax on the assets of individuals with a net worth of mo
summary_gpt41mini,QID287_11,Republican - Democrat,532,847,0.8243024917666064,1.8014354066985652,0.06038706589365721,0.12485168738898948,511,0.4575809316845171,0.32135691877108163,0.6088800291668424,attenuated,not kept,False consensus : Increasing deportations for those in the US illegally?
summary_json_gpt41mini,QID287_1,Republican - Democrat,539,847,-1.6250632484398722,-1.4257041659639067,0.06591604545256079,0.17219911223377687,511,1.139832012303324,0.9553795480036338,1.3692301024684206,kept or steepened,unresolved,False consensus : Placing a tax on carbon emissions?
summary_json_gpt41mini,QID287_2,Republican - Democrat,396,459,-1.1497821350762525,-1.2070707070707067,0.07562897319988011,0.23335906479271554,511,0.9525391746656823,0.7231150288424483,1.2724190447187587,undetermined,unresolved,False consensus : Ensuring 40% of all new clean energy infrastructure developm
summary_json_gpt41mini,QID287_3,Republican - Democrat,515,789,-1.1961238879249882,-1.5703569714644323,0.06901658418794929,0.16369079443867984,511,0.7616891634578767,0.6276789151805563,0.9232042096235329,attenuated or kept,unresolved,False consensus : Federal investments to ensure a carbon-pollution free electr
summary_json_gpt41mini,QID287_4,Republican - Democrat,535,832,-3.1385693745506833,-1.5965425053918048,0.06941470725667005,0.1619348014958385,511,1.9658539399678885,1.6805571343006325,2.355236764645087,steepened,not kept,False consensus : A 'Medicare for All' system in which all Americans would get
summary_json_gpt41mini,QID287_6,Republican - Democrat,530,805,-2.547826086956522,-1.7380522676667058,0.06737613438495407,0.14438179602268403,511,1.4659087844216092,1.267041110962309,1.7215324964338103,steepened,not kept,False consensus : Immigration reforms that would provide a path to U.S. citize
summary_json_gpt41mini,QID287_7,Republican - Democrat,516,792,-1.7433051444679348,-1.0500352360817478,0.0626385431679945,0.22218102076995663,511,1.6602348993288587,1.3247797590035888,2.1507617725223716,steepened,not kept,False consensus : A law that requires companies to provide paid family leave f
summary_json_gpt41mini,QID287_10,Republican - Democrat,515,757,-2.6842441420528145,-1.3556963486424443,0.06963543907053998,0.19130973677785715,511,1.9799744572158362,1.6480002066299075,2.4559164623489673,steepened,not kept,False consensus : A 2% tax on the assets of individuals with a net worth of mo
summary_json_gpt41mini,QID287_11,Republican - Democrat,538,847,0.0995268671848597,1.8094433447593303,0.05943038279733079,0.12232992805347045,511,0.0550041356492969,-0.018929192896524505,0.1310361172909034,missing,not kept,False consensus : Increasing deportations for those in the US illegally?
text_reasoning_gpt41mini,QID287_1,Republican - Democrat,540,847,-2.59047619047619,-1.4270956316410865,0.06558938670212744,0.17117868093971772,511,1.8152085487762835,1.5582606156455683,2.1726811617637525,steepened,not kept,False consensus : Placing a tax on carbon emissions?
text_reasoning_gpt41mini,QID287_2,Republican - Democrat,540,847,-1.5838711793257247,-1.180055970965062,0.0595540592837678,0.18796541349660748,511,1.3422000466896655,1.1309936617705574,1.640345857197486,kept or steepened,unresolved,False consensus : Ensuring 40% of all new clean energy infrastructure developm
text_reasoning_gpt41mini,QID287_3,Republican - Democrat,540,847,-1.6623026804844985,-1.500163977436705,0.06460970627005541,0.160408809661338,511,1.1080806535061827,0.9515919556299066,1.315684474812604,kept or steepened,unresolved,False consensus : Federal investments to ensure a carbon-pollution free electr
text_reasoning_gpt41mini,QID287_4,Republican - Democrat,540,847,-3.177950500677774,-1.6086033495124408,0.07050108461801945,0.16323602550375962,511,1.9755960980940355,1.6981057368990453,2.358773550702772,steepened,not kept,False consensus : A 'Medicare for All' system in which all Americans would get
text_reasoning_gpt41mini,QID287_6,Republican - Democrat,540,847,-2.371544448817176,-1.7287332196423106,0.06831735951859715,0.1471879569511816,511,1.3718394613298797,1.190549493808678,1.6107782428259456,kept or steepened,unresolved,False consensus : Immigration reforms that would provide a path to U.S. citize
text_reasoning_gpt41mini,QID287_7,Republican - Democrat,540,847,-1.3186081595172507,-1.0256657483930214,0.05826635314546072,0.21158319273847934,511,1.28561196626016,1.057664478698289,1.6253407880450301,kept or steepened,unresolved,False consensus : A law that requires companies to provide paid family leave f
text_reasoning_gpt41mini,QID287_10,Republican - Democrat,540,847,-2.7352004897459445,-1.3290218199309103,0.06814178801019068,0.1909636012075698,511,2.0580553672836874,1.7237900861510658,2.546179552318958,steepened,not kept,False consensus : A 2% tax on the assets of individuals with a net worth of mo
text_reasoning_gpt41mini,QID287_11,Republican - Democrat,540,847,2.3059906423542786,1.8083694083694084,0.05932038531393051,0.12217602575909428,511,1.2751767596165935,1.1156349495751503,1.4701588510457284,kept or steepened,unresolved,False consensus : Increasing deportations for those in the US illegally?
text_repeatq_gpt41mini,QID287_1,Republican - Democrat,540,847,-2.7954261226988497,-1.4270956316410865,0.06558938670212744,0.17117868093971772,511,1.9588218621931128,1.6778552741638133,2.3509011695418836,steepened,not kept,False consensus : Placing a tax on carbon emissions?
text_repeatq_gpt41mini,QID287_2,Republican - Democrat,540,847,-1.7851174078446808,-1.180055970965062,0.0595540592837678,0.18796541349660748,511,1.512739608770246,1.2763872953202424,1.8510437092397738,steepened,not kept,False consensus : Ensuring 40% of all new clean energy infrastructure developm
text_repeatq_gpt41mini,QID287_3,Republican - Democrat,540,847,-2.0753312344221433,-1.500163977436705,0.06460970627005541,0.160408809661338,511,1.3834029250377102,1.1902588902331155,1.6433731381285699,kept or steepened,unresolved,False consensus : Federal investments to ensure a carbon-pollution free electr
text_repeatq_gpt41mini,QID287_4,Republican - Democrat,540,847,-3.531647645284009,-1.6086033495124408,0.07050108461801945,0.16323602550375962,511,2.195474506723135,1.8898785396761049,2.618354580686005,steepened,not kept,False consensus : A 'Medicare for All' system in which all Americans would get
text_repeatq_gpt41mini,QID287_6,Republican - Democrat,540,847,-2.783602256329529,-1.7287332196423106,0.06831735951859715,0.1471879569511816,511,1.610197701242462,1.407138425818353,1.8802890603556346,steepened,not kept,False consensus : Immigration reforms that would provide a path to U.S. citize
text_repeatq_gpt41mini,QID287_7,Republican - Democrat,540,847,-1.617241680878045,-1.0256657483930214,0.05826635314546072,0.21158319273847934,511,1.5767726312513457,1.2976857032998728,1.995044899609409,steepened,not kept,False consensus : A law that requires companies to provide paid family leave f
text_repeatq_gpt41mini,QID287_10,Republican - Democrat,540,847,-2.8332874196510565,-1.3290218199309103,0.06814178801019068,0.1909636012075698,511,2.1318592194357997,1.7862557054318267,2.6364658634496365,steepened,not kept,False consensus : A 2% tax on the assets of individuals with a net worth of mo
text_repeatq_gpt41mini,QID287_11,Republican - Democrat,540,847,2.741379159560978,1.8083694083694084,0.05932038531393051,0.12217602575909428,511,1.5159398001721653,1.3493022140984832,1.7262741200348253,steepened,not kept,False consensus : Increasing deportations for those in the US illegally?
text_t07_gpt41mini,QID287_1,Republican - Democrat,540,847,-2.9752896934715114,-1.4270956316410865,0.06558938670212744,0.17117868093971772,511,2.08485656287104,1.783469980580463,2.50708742657961,steepened,not kept,False consensus : Placing a tax on carbon emissions?
text_t07_gpt41mini,QID287_2,Republican - Democrat,540,847,-1.9686234640780098,-1.180055970965062,0.0595540592837678,0.18796541349660748,511,1.668245839617293,1.4054221838563483,2.0421017347125536,steepened,not kept,False consensus : Ensuring 40% of all new clean energy infrastructure developm
text_t07_gpt41mini,QID287_3,Republican - Democrat,540,847,-2.182174559447287,-1.500163977436705,0.06460970627005541,0.160408809661338,511,1.4546240226191256,1.2486408737296588,1.731323571327973,kept or steepened,unresolved,False consensus : Federal investments to ensure a carbon-pollution free electr
text_t07_gpt41mini,QID287_4,Republican - Democrat,540,847,-3.6542481087935634,-1.6086033495124408,0.07050108461801945,0.16323602550375962,511,2.2716899787018017,1.952912739972514,2.713003755034877,steepened,not kept,False consensus : A 'Medicare for All' system in which all Americans would get
text_t07_gpt41mini,QID287_6,Republican - Democrat,540,847,-2.8533014123923217,-1.7287332196423106,0.06831735951859715,0.1471879569511816,511,1.6505157533692179,1.4396071796604477,1.9301873657836306,steepened,not kept,False consensus : Immigration reforms that would provide a path to U.S. citize
text_t07_gpt41mini,QID287_7,Republican - Democrat,540,847,-1.602636757182212,-1.0256657483930214,0.05826635314546072,0.21158319273847934,511,1.5625331738855173,1.2793678410834541,1.981054572007209,steepened,not kept,False consensus : A law that requires companies to provide paid family leave f
text_t07_gpt41mini,QID287_10,Republican - Democrat,540,847,-2.9628623901351174,-1.3290218199309103,0.06814178801019068,0.1909636012075698,511,2.229355715385578,1.8674404076911781,2.7588394868951713,steepened,not kept,False consensus : A 2% tax on the assets of individuals with a net worth of mo
text_t07_gpt41mini,QID287_11,Republican - Democrat,540,847,2.731868468232104,1.8083694083694084,0.05932038531393051,0.12217602575909428,511,1.5106805366141463,1.3290687324556012,1.735463856858878,steepened,not kept,False consensus : Increasing deportations for those in the US illegally?
json_predout_gpt41mini,QID287_1,Republican - Democrat,540,847,-2.656178669815033,-1.4270956316410865,0.06558938670212744,0.17117868093971772,511,1.8612478455704922,1.589139087575122,2.238778198743584,steepened,not kept,False consensus : Placing a tax on carbon emissions?
json_predout_gpt41mini,QID287_2,Republican - Democrat,540,847,-1.713004503913595,-1.180055970965062,0.0595540592837678,0.18796541349660748,511,1.4516298769393814,1.2185438693992607,1.7853861360523982,kept or steepened,unresolved,False consensus : Ensuring 40% of all new clean energy infrastructure developm
json_predout_gpt41mini,QID287_3,Republican - Democrat,540,847,-1.7607394289212475,-1.500163977436705,0.06460970627005541,0.160408809661338,511,1.1736979792900917,1.0063887080164526,1.399818880092072,kept or steepened,unresolved,False consensus : Federal investments to ensure a carbon-pollution free electr
json_predout_gpt41mini,QID287_4,Republican - Democrat,540,847,-3.113631990904718,-1.6086033495124408,0.07050108461801945,0.16323602550375962,511,1.9356120275694089,1.6604594505957977,2.315284952275051,steepened,not kept,False consensus : A 'Medicare for All' system in which all Americans would get
json_predout_gpt41mini,QID287_6,Republican - Democrat,540,847,-2.047614674887402,-1.7287332196423106,0.06831735951859715,0.1471879569511816,511,1.1844596098587556,1.0273856122044267,1.3899241578575747,kept or steepened,unresolved,False consensus : Immigration reforms that would provide a path to U.S. citize
json_predout_gpt41mini,QID287_7,Republican - Democrat,540,847,-1.6279155188246093,-1.0256657483930214,0.05826635314546072,0.21158319273847934,511,1.5871793723980474,1.3103814644662697,2.0047359311384283,steepened,not kept,False consensus : A law that requires companies to provide paid family leave f
json_predout_gpt41mini,QID287_10,Republican - Democrat,540,847,-2.8481044208316937,-1.3290218199309103,0.06814178801019068,0.1909636012075698,511,2.1430080214783485,1.7913629239086084,2.654938948546809,steepened,not kept,False consensus : A 2% tax on the assets of individuals with a net worth of mo
json_predout_gpt41mini,QID287_11,Republican - Democrat,540,847,0.4569176614631161,1.8083694083694084,0.05932038531393051,0.12217602575909428,511,0.2526683206143787,0.13518541499348424,0.37545667533081245,missing or attenuated,not kept,False consensus : Increasing deportations for those in the US illegally?
json_predout_gpt41,QID287_1,Republican - Democrat,538,843,-2.3802140523091984,-1.421589120110069,0.06593337348528493,0.17274297238903524,511,1.6743333348843483,1.4319097868255517,2.0142266170009653,steepened,not kept,False consensus : Placing a tax on carbon emissions?
json_predout_gpt41,QID287_2,Republican - Democrat,538,843,-2.0513390396309865,-1.1766372532158558,0.06127982429641016,0.19397425800609452,511,1.7433912057641314,1.4631757375456127,2.152113549115867,steepened,not kept,False consensus : Ensuring 40% of all new clean energy infrastructure developm
json_predout_gpt41,QID287_3,Republican - Democrat,538,843,-2.321406994844929,-1.4981633130040963,0.0637125820419512,0.1583927248850721,511,1.5495019633007006,1.3379810338561975,1.8371908054160724,steepened,not kept,False consensus : Federal investments to ensure a carbon-pollution free electr
json_predout_gpt41,QID287_4,Republican - Democrat,538,843,-2.787634444165156,-1.6104084809518135,0.07037659122867222,0.1627651267198083,511,1.7310107821324665,1.4883403716272214,2.065915323132516,steepened,not kept,False consensus : A 'Medicare for All' system in which all Americans would get
json_predout_gpt41,QID287_6,Republican - Democrat,538,843,-2.6594654425026567,-1.7283202582386323,0.06672653758890863,0.14379492274663902,511,1.5387573164321837,1.3460757304596054,1.7946282095181332,steepened,not kept,False consensus : Immigration reforms that would provide a path to U.S. citize
json_predout_gpt41,QID287_7,Republican - Democrat,538,843,-1.2218885463934348,-1.0277090581962982,0.059141570562035145,0.21433438605308924,511,1.1889440271529135,0.9699499515009622,1.5125469694772267,kept or steepened,unresolved,False consensus : A law that requires companies to provide paid family leave f
json_predout_gpt41,QID287_10,Republican - Democrat,538,843,-2.6248021096544027,-1.324238094608122,0.06615452954995676,0.18606414448629002,511,1.9821224901637895,1.6694055896868358,2.43490275106538,steepened,not kept,False consensus : A 2% tax on the assets of individuals with a net worth of mo
json_predout_gpt41,QID287_11,Republican - Democrat,538,843,2.6165645795023087,1.8034458276557,0.06089812491736996,0.12576795564328,511,1.4508695184393656,1.289894524014209,1.6566972225657108,steepened,not kept,False consensus : Increasing deportations for those in the US illegally?
finetune500_gpt41mini,QID287_1,Republican - Democrat,372,659,-1.0438388238941374,-1.5159046779904384,0.07721402697884899,0.18971142755688183,511,0.6885913336436854,0.49853703486516987,0.9105956478036117,attenuated or kept,unresolved,False consensus : Placing a tax on carbon emissions?
finetune500_gpt41mini,QID287_2,Republican - Democrat,372,659,-0.7359105519930815,-1.2288780654951297,0.07224591319431825,0.218964482306821,511,0.5988474956598516,0.3756491012641891,0.8687417763813524,attenuated or kept,unresolved,False consensus : Ensuring 40% of all new clean energy infrastructure developm
finetune500_gpt41mini,QID287_3,Republican - Democrat,372,659,-0.7825191313002757,-1.6048223930034098,0.07721931908605834,0.1792124488438875,511,0.4876048182726306,0.3150064982390742,0.6808608647198421,attenuated,not kept,False consensus : Federal investments to ensure a carbon-pollution free electr
finetune500_gpt41mini,QID287_4,Republican - Democrat,372,659,-1.1491507171178226,-1.673405453032454,0.07955486288467081,0.17706581955891101,511,0.6867138594746386,0.5099904816626194,0.8971986784284542,attenuated or kept,unresolved,False consensus : A 'Medicare for All' system in which all Americans would get
finetune500_gpt41mini,QID287_6,Republican - Democrat,372,659,-0.7904531140372346,-1.77898657137729,0.0806651169790848,0.16888157879565013,511,0.4443277575868751,0.29130734915116685,0.6168137426386829,attenuated,not kept,False consensus : Immigration reforms that would provide a path to U.S. citize
finetune500_gpt41mini,QID287_7,Republican - Democrat,372,659,-0.7943120074404035,-1.0568146588999299,0.07181023302343041,0.25307933787945563,511,0.7516095663048682,0.4753372930591651,1.1162669108632883,reference too imprecise,not read,False consensus : A law that requires companies to provide paid family leave f
finetune500_gpt41mini,QID287_10,Republican - Democrat,372,659,-0.9598079527469117,-1.3609696999363652,0.08268106265985647,0.22626989516511217,511,0.7052382964821254,0.4940128717748492,0.9779812409840059,attenuated or kept,unresolved,False consensus : A 2% tax on the assets of individuals with a net worth of mo
finetune500_gpt41mini,QID287_11,Republican - Democrat,372,659,-0.6423058723709762,1.8539045800903948,0.06954062565840174,0.1397077178938017,511,-0.34646112818797714,-0.5051977194848466,-0.19940972839085558,reversed or missing,not kept,False consensus : Increasing deportations for those in the US illegally?
demog_only_gpt41mini,QID287_1,Republican - Democrat,540,847,-0.4883313656040924,-1.4270956316410865,0.06558938670212744,0.17117868093971772,511,0.34218545329196787,0.2691253098717074,0.434061342386036,attenuated,not kept,False consensus : Placing a tax on carbon emissions?
demog_only_gpt41mini,QID287_2,Republican - Democrat,540,847,-0.49416240325331184,-1.180055970965062,0.0595540592837678,0.18796541349660748,511,0.4187618345333067,0.32775243678735605,0.538602038390567,attenuated,not kept,False consensus : Ensuring 40% of all new clean energy infrastructure developm
demog_only_gpt41mini,QID287_3,Republican - Democrat,540,847,-0.422521754339936,-1.500163977436705,0.06460970627005541,0.160408809661338,511,0.28165038002171533,0.22199431920844043,0.3534194267581479,missing or attenuated,not kept,False consensus : Federal investments to ensure a carbon-pollution free electr
demog_only_gpt41mini,QID287_4,Republican - Democrat,540,847,-2.39319165682802,-1.6086033495124408,0.07050108461801945,0.16323602550375962,511,1.4877450414071212,1.2676598282588227,1.7862225799568703,steepened,not kept,False consensus : A 'Medicare for All' system in which all Americans would get
demog_only_gpt41mini,QID287_6,Republican - Democrat,540,847,-0.7213411167956627,-1.7287332196423106,0.06831735951859715,0.1471879569511816,511,0.41726572301590537,0.33823202777204375,0.5121791094946905,attenuated,not kept,False consensus : Immigration reforms that would provide a path to U.S. citize
demog_only_gpt41mini,QID287_7,Republican - Democrat,540,847,-0.444743976562159,-1.0256657483930214,0.05826635314546072,0.21158319273847934,511,0.433614924997709,0.3256714319577809,0.5819455864668818,attenuated,not kept,False consensus : A law that requires companies to provide paid family leave f
demog_only_gpt41mini,QID287_10,Republican - Democrat,540,847,-2.3240434649525556,-1.3290218199309103,0.06814178801019068,0.1909636012075698,511,1.748687214987465,1.4556996730178238,2.1702607629358313,steepened,not kept,False consensus : A 2% tax on the assets of individuals with a net worth of mo
demog_only_gpt41mini,QID287_11,Republican - Democrat,540,847,0.3370763916218462,1.8083694083694084,0.05932038531393051,0.12217602575909428,511,0.18639797270502667,0.11874126651694258,0.25938623101905384,missing or attenuated,not kept,False consensus : Increasing deportations for those in the US illegally?
human_retest_wave1_3,QID287_1,Republican - Democrat,540,847,-1.4051248414884783,-1.4270956316410865,0.06774824503699163,0.1768129846080242,511,0.9846045424949251,0.8590471938358272,1.124964730514854,kept,kept,False consensus : Placing a tax on carbon emissions?
human_retest_wave1_3,QID287_2,Republican - Democrat,540,847,-1.1032664305391582,-1.180055970965062,0.06212076488739133,0.19606648814897215,511,0.9349272048824052,0.7690529650793488,1.12427314818156,kept,kept,False consensus : Ensuring 40% of all new clean energy infrastructure developm
human_retest_wave1_3,QID287_3,Republican - Democrat,540,847,-1.4910184092002274,-1.500163977436705,0.0650311292391437,0.16145509141586023,511,0.9939036209547543,0.8781534780931852,1.1247222207005307,kept,kept,False consensus : Federal investments to ensure a carbon-pollution free electr
human_retest_wave1_3,QID287_4,Republican - Democrat,540,847,-1.5695767195767192,-1.6086033495124408,0.06769627467016048,0.15674185551102052,511,0.9757388109706782,0.870481106773676,1.092563573087426,kept,kept,False consensus : A 'Medicare for All' system in which all Americans would get
human_retest_wave1_3,QID287_6,Republican - Democrat,540,847,-1.7016026061480605,-1.7287332196423106,0.06881533554067143,0.1482608332130318,511,0.9843060726860656,0.8774030071454648,1.103692651463695,kept,kept,False consensus : Immigration reforms that would provide a path to U.S. citize
human_retest_wave1_3,QID287_7,Republican - Democrat,540,847,-1.025875639512003,-1.0256657483930214,0.05935045804553344,0.2155199137384736,511,1.000204638908251,0.8254927960507917,1.211880398214432,kept,kept,False consensus : A law that requires companies to provide paid family leave f
human_retest_wave1_3,QID287_10,Republican - Democrat,540,847,-1.2906838952293498,-1.3290218199309103,0.06768120697584983,0.1896728482711707,511,0.9711532766982309,0.8330260013371527,1.127511764165189,kept,kept,False consensus : A 2% tax on the assets of individuals with a net worth of mo
human_retest_wave1_3,QID287_11,Republican - Democrat,540,847,1.884553325462416,1.8083694083694084,0.06085149615043945,0.12532949544765706,511,1.042128514638888,0.9373096259701291,1.1585275364048828,kept,kept,False consensus : Increasing deportations for those in the US illegally?
