family,contrast,n_questions,median_n_a,median_n_b,share_q_model_gap_negative,model,n_profiles,ratio,ci_lo,ci_hi,ci_unbounded,ci_split,reading,pop_ci_lo,pop_ci_hi,k_rel_halfwidth,k_max,no_population_gap,stop_population,verdict,df_rule,g,se_g,df_g,gamma,se_gamma,df_gamma,cov,family_size,alpha_one_sided,interval_level,label,certifiable
random,Republican - Democrat,383,37.0,56.0,0.5065274151436031,random,200,0.0060375958392548,-0.0790968481586156,0.091686423432913,False,False,missing,0.101316575113117,0.1352634087968122,0.1434898807695391,0.25,False,False,missing,single df,0.0007141871632527,0.0039170441002516,382,0.1182899919549646,0.0066520213950462,382,-2.742006988041884e-07,9,0.0055555555555555,0.9888888888888888,not kept,True
random,Female - Male,384,88.0,72.0,0.515625,random,200,-0.023218553916694,-0.1980321533400161,0.1492997133915451,False,False,missing,0.0377833623397615,0.053654242926846,0.1735706063255838,0.25,False,False,missing,single df,-0.001061524483948,0.0030625563224022,383,0.0457188026333037,0.0031100039412661,383,1.327823961765991e-07,9,0.0055555555555555,0.9888888888888888,not kept,True
random,Black - White,385,16.0,117.0,0.4909090909090909,random,200,-0.060630823226484,-0.2455104012248906,0.120682029337993,False,False,missing,0.065661662064632,0.083127565435944,0.1173868811923518,0.25,False,False,missing,single df,-0.0045106066752962,0.0052882488097669,384,0.074394613750288,0.0034226027124533,384,7.849171969264804e-07,9,0.0055555555555555,0.9888888888888888,not kept,True
random,Hispanic - White,385,12.0,117.0,0.4675324675324675,random,200,0.1138556400707332,-0.1705359077959936,0.3998973240639005,False,False,missing or attenuated,0.0487392316228472,0.0610008204491476,0.1117330326967233,0.25,False,False,missing or attenuated,single df,0.0062472619350262,0.006094127704662,384,0.0548700260359974,0.0024027699159732,384,2.805369316376957e-07,9,0.0055555555555555,0.9888888888888888,not kept,True
random,Asian - White,384,6.0,117.0,0.4791666666666667,random,200,0.1548470734365271,-0.2155036211138224,0.5280885998464978,False,False,missing or attenuated,0.0534141169455584,0.0666769119968107,0.1104395154913443,0.25,False,False,missing or attenuated,single df,0.0092978721888535,0.0086909849485278,383,0.0600455144711845,0.002598932343752,383,2.552204547569338e-07,9,0.0055555555555555,0.9888888888888888,not kept,True
random,Less than high school - Postgraduate,385,6.0,34.0,0.5376623376623376,random,200,-0.1478791994622138,-0.4192736595552017,0.1225024681181752,False,False,reversed or missing,0.0743241000888551,0.0902759569019563,0.0969128267919841,0.25,False,False,reversed or missing,single df,-0.0121704623296179,0.008699728585727,384,0.0823000284954057,0.0031259115109307,384,-9.230804187042612e-07,9,0.0055555555555555,0.9888888888888888,not kept,True
random,"Less than $30,000 - $100,000 or more",385,34.0,36.0,0.4909090909090909,random,200,-0.0486104872340104,-0.2401259868741263,0.1417171115139071,False,False,missing,0.0565221721177537,0.0696021188076135,0.1037068006003678,0.25,False,False,missing,single df,-0.003065481616963,0.0046911345928578,384,0.0630621454626836,0.002563134586728,384,3.955305401724694e-08,9,0.0055555555555555,0.9888888888888888,not kept,True
random,18-29 - 65+,380,24.0,36.0,0.4894736842105263,random,200,0.0582111134707394,-0.1145049203693597,0.2330134778986878,False,False,missing,0.0662196552818754,0.0832190824900499,0.1137551578769301,0.25,False,False,missing,single df,0.0043494976606828,0.0050484462052326,379,0.0747193688859627,0.0033309784640319,379,-2.369959801960698e-07,9,0.0055555555555555,0.9888888888888888,not kept,True
random,South - Northeast,385,59.0,27.0,0.4623376623376623,random,200,0.1260444160913841,-0.3367316570733905,0.5903863598347526,False,False,reversed to attenuated,0.0203681887866181,0.025600565542354,0.1138246365844662,0.25,False,False,reversed to attenuated,single df,0.0028970523989217,0.0041487007430087,384,0.022984377164486,0.0010253318420491,384,6.980378643243819e-08,9,0.0055555555555555,0.9888888888888888,not kept,True
