reference,scope,contrast,dose,true_region,n,correct,correct_lo95,correct_hi95,correct_or_compatible,correct_or_compatible_lo95,correct_or_compatible_hi95,wrong,wrong_lo95,wrong_hi95,share_undetermined,share_stopped,share_no_population_gap
half sample,per model,Asian minus White,1.0,kept,800,0.0,0.0,0.004779050997111869,0.0,0.0,0.004779050997111869,0.0,0.0,0.004779050997111869,0.01,0.99,0.0
half sample,per model,Black minus White,-0.5,reversed,800,0.00875,0.004244787034697644,0.01795063056996477,0.08,0.06314541436339338,0.1008689884741806,0.0,0.0,0.004779050997111869,0.0,0.92,0.5
half sample,per model,Black minus White,0.0,missing,800,0.0,0.0,0.004779050997111869,0.03375,0.023296972591091623,0.048659492463715204,0.0,0.0,0.004779050997111869,0.0,0.96625,0.5
half sample,per model,Black minus White,0.5,attenuated,800,0.0,0.0,0.004779050997111869,0.01,0.0050756268399147295,0.0196078431372549,0.00375,0.001276117328493337,0.010967090786140193,0.0,0.98625,0.5
half sample,per model,Black minus White,1.0,kept,800,0.0,0.0,0.004779050997111869,0.0,0.0,0.004779050997111869,0.00375,0.001276117328493337,0.010967090786140193,0.0,0.99625,0.5
half sample,per model,Black minus White,1.5,steepened,800,0.0,0.0,0.004779050997111869,0.0,0.0,0.004779050997111869,0.0,0.0,0.004779050997111869,0.0,1.0,0.5
half sample,per model,Black minus White,2.0,steepened,800,0.00125,0.0002206841055786609,0.0070464192640404275,0.00125,0.0002206841055786609,0.0070464192640404275,0.0,0.0,0.004779050997111869,0.0,0.99875,0.5
half sample,per model,Black minus White,3.0,steepened,800,0.03625,0.025356267901371504,0.05157630189844975,0.03625,0.025356267901371504,0.05157630189844975,0.0,0.0,0.004779050997111869,0.0,0.96375,0.5
half sample,per model,Hispanic minus White,1.0,kept,800,0.0,0.0,0.004779050997111869,0.0,0.0,0.004779050997111869,0.0,0.0,0.004779050997111869,0.0,1.0,0.83
half sample,per model,Low minus High SES,-0.5,reversed,800,0.03125,0.02125511951766314,0.04572524079212924,1.0,0.9952209490028883,1.0000000000000002,0.0,0.0,0.004779050997111869,0.0,0.0,0.0
half sample,per model,Low minus High SES,0.0,missing,800,0.0,0.0,0.004779050997111869,0.775,0.744788109828441,0.8025834121231474,0.0,0.0,0.004779050997111869,0.11375,0.11125,0.0
half sample,per model,Low minus High SES,0.5,attenuated,800,0.0,0.0,0.004779050997111869,0.035,0.02432455034286968,0.05011996708444437,0.0,0.0,0.004779050997111869,0.62875,0.33625,0.0
half sample,per model,Low minus High SES,1.0,kept,800,0.0,0.0,0.004779050997111869,0.0325,0.02227375037977863,0.047194662302520965,0.0,0.0,0.004779050997111869,0.6275,0.34,0.0
half sample,per model,Low minus High SES,1.5,steepened,800,0.03375,0.023296972591091623,0.048659492463715204,0.55375,0.5191271289114263,0.5878591231063841,0.0,0.0,0.004779050997111869,0.1275,0.31875,0.0
half sample,per model,Low minus High SES,2.0,steepened,800,0.785,0.7552049006968108,0.8120710402348356,0.9675,0.9528053376974791,0.9777262496202214,0.0,0.0,0.004779050997111869,0.0,0.0325,0.0
half sample,per model,Low minus High SES,3.0,steepened,800,1.0,0.9952209490028883,1.0000000000000002,1.0,0.9952209490028883,1.0000000000000002,0.0,0.0,0.004779050997111869,0.0,0.0,0.0
half sample,per model,Low minus Middle SES,1.0,kept,800,0.0,0.0,0.004779050997111869,0.0,0.0,0.004779050997111869,0.00125,0.0002206841055786609,0.0070464192640404275,0.0,0.99875,0.0
half sample,per model,Middle minus High SES,-0.5,reversed,800,0.02625,0.017232095915656435,0.03979605490410706,0.82375,0.7958163296138804,0.8485892348654896,0.0,0.0,0.004779050997111869,0.0,0.17625,0.0
half sample,per model,Middle minus High SES,0.0,missing,800,0.0,0.0,0.004779050997111869,0.3375,0.30557844545858065,0.3709747461154807,0.0,0.0,0.004779050997111869,0.0,0.6625,0.0
half sample,per model,Middle minus High SES,0.5,attenuated,800,0.0,0.0,0.004779050997111869,0.03125,0.02125511951766314,0.04572524079212924,0.0,0.0,0.004779050997111869,0.0,0.96875,0.0
half sample,per model,Middle minus High SES,1.0,kept,800,0.0,0.0,0.004779050997111869,0.0,0.0,0.004779050997111869,0.00125,0.0002206841055786609,0.0070464192640404275,0.0,0.99875,0.0
half sample,per model,Middle minus High SES,1.5,steepened,800,0.035,0.02432455034286968,0.05011996708444437,0.035,0.02432455034286968,0.05011996708444437,0.0,0.0,0.004779050997111869,0.0,0.965,0.0
half sample,per model,Middle minus High SES,2.0,steepened,800,0.2825,0.25239840618098053,0.314680481002763,0.2825,0.25239840618098053,0.314680481002763,0.0,0.0,0.004779050997111869,0.0,0.7175,0.0
half sample,per model,Middle minus High SES,3.0,steepened,800,0.97375,0.960203945095893,0.9827679040843436,0.97375,0.960203945095893,0.9827679040843436,0.0,0.0,0.004779050997111869,0.0,0.02625,0.0
half sample,per model,Women minus Men,-0.5,reversed,800,0.04375,0.03162343652306454,0.06023744751180003,0.995,0.9872147770448021,0.9980539624680571,0.0,0.0,0.004779050997111869,0.0,0.005,0.0
half sample,per model,Women minus Men,0.0,missing,800,0.0,0.0,0.004779050997111869,0.71125,0.6788954199419677,0.7415854310117527,0.0,0.0,0.004779050997111869,0.03375,0.255,0.0
half sample,per model,Women minus Men,0.5,attenuated,800,0.0,0.0,0.004779050997111869,0.0525,0.03907258419630706,0.07020466644610807,0.0,0.0,0.004779050997111869,0.20625,0.74125,0.0
half sample,per model,Women minus Men,1.0,kept,800,0.0,0.0,0.004779050997111869,0.00375,0.001276117328493337,0.010967090786140193,0.0,0.0,0.004779050997111869,0.22625,0.77,0.0
half sample,per model,Women minus Men,1.5,steepened,800,0.04125,0.029520803096554735,0.05736397619329542,0.175,0.15023992701464642,0.20286645613347623,0.0,0.0,0.004779050997111869,0.09375,0.73125,0.0
half sample,per model,Women minus Men,2.0,steepened,800,0.655,0.6213883669134697,0.6871301272774257,0.77875,0.7486915854968131,0.8061440935722971,0.0,0.0,0.004779050997111869,0.00125,0.22,0.0
half sample,per model,Women minus Men,3.0,steepened,800,1.0,0.9952209490028883,1.0000000000000002,1.0,0.9952209490028883,1.0000000000000002,0.0,0.0,0.004779050997111869,0.0,0.0,0.0
half sample,pooled,Asian minus White,1.0,kept,200,0.0,0.0,0.018846005918320894,0.005,0.0008831459893662054,0.02777439986977148,0.0,0.0,0.018846005918320894,0.005,0.99,0.0
half sample,pooled,Black minus White,-0.5,reversed,200,0.025,0.010724561470787711,0.05717914415161715,0.35,0.28728715939415395,0.41836664238134236,0.0,0.0,0.018846005918320894,0.0,0.65,0.5
half sample,pooled,Black minus White,0.0,missing,200,0.0,0.0,0.018846005918320894,0.17,0.12427835351105657,0.22816001039503528,0.0,0.0,0.018846005918320894,0.0,0.83,0.5
half sample,pooled,Black minus White,0.5,attenuated,200,0.0,0.0,0.018846005918320894,0.05,0.027382349028644986,0.08957905629784384,0.0,0.0,0.018846005918320894,0.0,0.95,0.5
half sample,pooled,Black minus White,1.0,kept,200,0.0,0.0,0.018846005918320894,0.0,0.0,0.018846005918320894,0.005,0.0008831459893662054,0.02777439986977148,0.0,0.995,0.5
half sample,pooled,Black minus White,1.5,steepened,200,0.0,0.0,0.018846005918320894,0.0,0.0,0.018846005918320894,0.0,0.0,0.018846005918320894,0.0,1.0,0.5
half sample,pooled,Black minus White,2.0,steepened,200,0.0,0.0,0.018846005918320894,0.0,0.0,0.018846005918320894,0.0,0.0,0.018846005918320894,0.0,1.0,0.5
half sample,pooled,Black minus White,3.0,steepened,200,0.145,0.1028928513530641,0.20048781284894374,0.145,0.1028928513530641,0.20048781284894374,0.0,0.0,0.018846005918320894,0.0,0.855,0.5
half sample,pooled,Hispanic minus White,1.0,kept,200,0.0,0.0,0.018846005918320894,0.0,0.0,0.018846005918320894,0.005,0.0008831459893662054,0.02777439986977148,0.0,0.995,0.83
half sample,pooled,Low minus High SES,-0.5,reversed,200,0.41,0.34415559179081295,0.4792366892744849,1.0,0.9811539940816791,1.0,0.0,0.0,0.018846005918320894,0.0,0.0,0.0
half sample,pooled,Low minus High SES,0.0,missing,200,0.06,0.0346518499012715,0.10193263530685089,1.0,0.9811539940816791,1.0,0.0,0.0,0.018846005918320894,0.0,0.0,0.0
half sample,pooled,Low minus High SES,0.5,attenuated,200,0.0,0.0,0.018846005918320894,0.51,0.441184632709161,0.5784384471724727,0.0,0.0,0.018846005918320894,0.16,0.33,0.0
half sample,pooled,Low minus High SES,1.0,kept,200,0.0,0.0,0.018846005918320894,0.32,0.2592642960770526,0.38752026605354306,0.0,0.0,0.018846005918320894,0.34,0.34,0.0
half sample,pooled,Low minus High SES,1.5,steepened,200,0.18,0.13294550662534108,0.2391159371623843,0.77,0.7069157192180299,0.8229074375860769,0.0,0.0,0.018846005918320894,0.0,0.23,0.0
half sample,pooled,Low minus High SES,2.0,steepened,200,0.995,0.9722256001302286,0.999116854010634,1.0,0.9811539940816791,1.0,0.0,0.0,0.018846005918320894,0.0,0.0,0.0
half sample,pooled,Low minus High SES,3.0,steepened,200,1.0,0.9811539940816791,1.0,1.0,0.9811539940816791,1.0,0.0,0.0,0.018846005918320894,0.0,0.0,0.0
half sample,pooled,Low minus Middle SES,1.0,kept,200,0.0,0.0,0.018846005918320894,0.0,0.0,0.018846005918320894,0.005,0.0008831459893662054,0.02777439986977148,0.0,0.995,0.0
half sample,pooled,Middle minus High SES,-0.5,reversed,200,0.205,0.15486094831106376,0.26625819518074556,0.995,0.9722256001302286,0.999116854010634,0.0,0.0,0.018846005918320894,0.0,0.005,0.0
half sample,pooled,Middle minus High SES,0.0,missing,200,0.0,0.0,0.018846005918320894,0.825,0.7663545078991807,0.8713955882539106,0.0,0.0,0.018846005918320894,0.0,0.175,0.0
half sample,pooled,Middle minus High SES,0.5,attenuated,200,0.0,0.0,0.018846005918320894,0.145,0.1028928513530641,0.20048781284894374,0.0,0.0,0.018846005918320894,0.0,0.855,0.0
half sample,pooled,Middle minus High SES,1.0,kept,200,0.0,0.0,0.018846005918320894,0.0,0.0,0.018846005918320894,0.01,0.0027466006037749346,0.03572248519617954,0.0,0.99,0.0
half sample,pooled,Middle minus High SES,1.5,steepened,200,0.08,0.04984015517626642,0.12599048979512317,0.08,0.04984015517626642,0.12599048979512317,0.0,0.0,0.018846005918320894,0.0,0.92,0.0
half sample,pooled,Middle minus High SES,2.0,steepened,200,0.585,0.5157378707263818,0.6510583082675037,0.585,0.5157378707263818,0.6510583082675037,0.0,0.0,0.018846005918320894,0.0,0.415,0.0
half sample,pooled,Middle minus High SES,3.0,steepened,200,1.0,0.9811539940816791,1.0,1.0,0.9811539940816791,1.0,0.0,0.0,0.018846005918320894,0.0,0.0,0.0
half sample,pooled,Women minus Men,-0.5,reversed,200,0.295,0.23613844271901735,0.3615884197074943,1.0,0.9811539940816791,1.0,0.0,0.0,0.018846005918320894,0.0,0.0,0.0
half sample,pooled,Women minus Men,0.0,missing,200,0.0,0.0,0.018846005918320894,0.99,0.9642775148038205,0.9972533993962251,0.0,0.0,0.018846005918320894,0.0,0.01,0.0
half sample,pooled,Women minus Men,0.5,attenuated,200,0.0,0.0,0.018846005918320894,0.285,0.22694905173277297,0.3511547308121051,0.0,0.0,0.018846005918320894,0.05,0.665,0.0
half sample,pooled,Women minus Men,1.0,kept,200,0.0,0.0,0.018846005918320894,0.12,0.08197935023887545,0.17234361425904846,0.0,0.0,0.018846005918320894,0.11,0.77,0.0
half sample,pooled,Women minus Men,1.5,steepened,200,0.17,0.12427835351105657,0.22816001039503528,0.395,0.3298398699878317,0.4641177912550158,0.0,0.0,0.018846005918320894,0.0,0.605,0.0
half sample,pooled,Women minus Men,2.0,steepened,200,0.965,0.9295285391333187,0.9829446753626429,0.99,0.9642775148038205,0.9972533993962251,0.0,0.0,0.018846005918320894,0.0,0.01,0.0
half sample,pooled,Women minus Men,3.0,steepened,200,1.0,0.9811539940816791,1.0,1.0,0.9811539940816791,1.0,0.0,0.0,0.018846005918320894,0.0,0.0,0.0
audit precision (approx.),per model,Asian minus White,1.0,kept,800,0.0,0.0,0.004779050997111869,0.0,0.0,0.004779050997111869,0.0,0.0,0.004779050997111869,0.555,0.445,0.0
audit precision (approx.),per model,Black minus White,-0.5,reversed,800,0.00875,0.004244787034697644,0.01795063056996477,0.1075,0.08788069399954664,0.1308708610331862,0.0,0.0,0.004779050997111869,0.0,0.8925,0.115
audit precision (approx.),per model,Black minus White,0.0,missing,800,0.0,0.0,0.004779050997111869,0.04125,0.029520803096554735,0.05736397619329542,0.0,0.0,0.004779050997111869,0.0,0.95875,0.115
audit precision (approx.),per model,Black minus White,0.5,attenuated,800,0.0,0.0,0.004779050997111869,0.01,0.0050756268399147295,0.0196078431372549,0.00375,0.001276117328493337,0.010967090786140193,0.0,0.98625,0.115
audit precision (approx.),per model,Black minus White,1.0,kept,800,0.0,0.0,0.004779050997111869,0.0,0.0,0.004779050997111869,0.00625,0.0026724546041165106,0.01454685825553146,0.0,0.99375,0.115
audit precision (approx.),per model,Black minus White,1.5,steepened,800,0.00625,0.0026724546041165106,0.01454685825553146,0.00625,0.0026724546041165106,0.01454685825553146,0.0,0.0,0.004779050997111869,0.0,0.99375,0.115
audit precision (approx.),per model,Black minus White,2.0,steepened,800,0.02375,0.015256294229507172,0.036795751845241885,0.02375,0.015256294229507172,0.036795751845241885,0.0,0.0,0.004779050997111869,0.0,0.97625,0.115
audit precision (approx.),per model,Black minus White,3.0,steepened,800,0.16625,0.14205794192972948,0.1936320746108427,0.16625,0.14205794192972948,0.1936320746108427,0.0,0.0,0.004779050997111869,0.0,0.83375,0.115
audit precision (approx.),per model,Hispanic minus White,1.0,kept,800,0.0,0.0,0.004779050997111869,0.0,0.0,0.004779050997111869,0.00125,0.0002206841055786609,0.0070464192640404275,0.0,0.99875,0.535
audit precision (approx.),per model,Low minus High SES,-0.5,reversed,800,0.0325,0.02227375037977863,0.047194662302520965,1.0,0.9952209490028883,1.0000000000000002,0.0,0.0,0.004779050997111869,0.0,0.0,0.0
audit precision (approx.),per model,Low minus High SES,0.0,missing,800,0.0,0.0,0.004779050997111869,0.78625,0.7565087130194962,0.8132552802846572,0.0,0.0,0.004779050997111869,0.21375,0.0,0.0
audit precision (approx.),per model,Low minus High SES,0.5,attenuated,800,0.0,0.0,0.004779050997111869,0.04,0.028474356748329266,0.05592237016901366,0.0,0.0,0.004779050997111869,0.96,0.0,0.0
audit precision (approx.),per model,Low minus High SES,1.0,kept,800,0.0,0.0,0.004779050997111869,0.06625,0.051004323794597,0.08564150294539757,0.0,0.0,0.004779050997111869,0.93375,0.0,0.0
audit precision (approx.),per model,Low minus High SES,1.5,steepened,800,0.04875,0.03586421593698955,0.06594887758790392,0.86125,0.8355638162648367,0.88348331938975,0.0,0.0,0.004779050997111869,0.13875,0.0,0.0
audit precision (approx.),per model,Low minus High SES,2.0,steepened,800,0.81875,0.7905522663079272,0.843901088681414,1.0,0.9952209490028883,1.0000000000000002,0.0,0.0,0.004779050997111869,0.0,0.0,0.0
audit precision (approx.),per model,Low minus High SES,3.0,steepened,800,1.0,0.9952209490028883,1.0000000000000002,1.0,0.9952209490028883,1.0000000000000002,0.0,0.0,0.004779050997111869,0.0,0.0,0.0
audit precision (approx.),per model,Low minus Middle SES,1.0,kept,800,0.0,0.0,0.004779050997111869,0.0,0.0,0.004779050997111869,0.0025,0.0006858437481711841,0.009069311993955127,0.06,0.9375,0.0
audit precision (approx.),per model,Middle minus High SES,-0.5,reversed,800,0.02625,0.017232095915656435,0.03979605490410706,0.8425,0.815627696155152,0.8660986539118264,0.0,0.0,0.004779050997111869,0.00125,0.15625,0.0
audit precision (approx.),per model,Middle minus High SES,0.0,missing,800,0.0,0.0,0.004779050997111869,0.36625,0.3335773596125357,0.40020103652919176,0.0,0.0,0.004779050997111869,0.01125,0.6225,0.0
audit precision (approx.),per model,Middle minus High SES,0.5,attenuated,800,0.0,0.0,0.004779050997111869,0.04125,0.029520803096554735,0.05736397619329542,0.0,0.0,0.004779050997111869,0.0375,0.92125,0.0
audit precision (approx.),per model,Middle minus High SES,1.0,kept,800,0.0,0.0,0.004779050997111869,0.0,0.0,0.004779050997111869,0.00125,0.0002206841055786609,0.0070464192640404275,0.045,0.95375,0.0
audit precision (approx.),per model,Middle minus High SES,1.5,steepened,800,0.055,0.04122340967774292,0.07302994570968664,0.05875,0.04446604733035238,0.07725146517459884,0.0,0.0,0.004779050997111869,0.04125,0.9,0.0
audit precision (approx.),per model,Middle minus High SES,2.0,steepened,800,0.35,0.317735833003072,0.38369788229606144,0.37,0.33723890445391935,0.4040036488053297,0.0,0.0,0.004779050997111869,0.0225,0.6075,0.0
audit precision (approx.),per model,Middle minus High SES,3.0,steepened,800,0.98125,0.9692952023592892,0.9886049610559905,0.98375,0.9723969873287378,0.9904792808315565,0.0,0.0,0.004779050997111869,0.0,0.01625,0.0
audit precision (approx.),per model,Women minus Men,-0.5,reversed,800,0.04625,0.03373820870599884,0.06309878007388019,0.995,0.9872147770448021,0.9980539624680571,0.0,0.0,0.004779050997111869,0.005,0.0,0.0
audit precision (approx.),per model,Women minus Men,0.0,missing,800,0.0,0.0,0.004779050997111869,0.72,0.687891208623605,0.7500060089376658,0.0,0.0,0.004779050997111869,0.2775,0.0025,0.0
audit precision (approx.),per model,Women minus Men,0.5,attenuated,800,0.0,0.0,0.004779050997111869,0.065,0.049910060890947544,0.08424771347653978,0.0,0.0,0.004779050997111869,0.93,0.005,0.0
audit precision (approx.),per model,Women minus Men,1.0,kept,800,0.0,0.0,0.004779050997111869,0.065,0.049910060890947544,0.08424771347653978,0.0,0.0,0.004779050997111869,0.93,0.005,0.0
audit precision (approx.),per model,Women minus Men,1.5,steepened,800,0.06125,0.04663799144732026,0.08005562580264541,0.7625,0.7318001253003301,0.7906908729261861,0.0,0.0,0.004779050997111869,0.23375,0.00375,0.0
audit precision (approx.),per model,Women minus Men,2.0,steepened,800,0.70875,0.6763278063732975,0.7391769398354083,0.99875,0.9929535807359597,0.9997793158944215,0.0,0.0,0.004779050997111869,0.00125,0.0,0.0
audit precision (approx.),per model,Women minus Men,3.0,steepened,800,1.0,0.9952209490028883,1.0000000000000002,1.0,0.9952209490028883,1.0000000000000002,0.0,0.0,0.004779050997111869,0.0,0.0,0.0
audit precision (approx.),pooled,Asian minus White,1.0,kept,200,0.0,0.0,0.018846005918320894,0.14,0.09866918625271481,0.19489993800847627,0.0,0.0,0.018846005918320894,0.415,0.445,0.0
audit precision (approx.),pooled,Black minus White,-0.5,reversed,200,0.025,0.010724561470787711,0.05717914415161715,0.465,0.39718443070423204,0.5341347897100506,0.0,0.0,0.018846005918320894,0.0,0.535,0.115
audit precision (approx.),pooled,Black minus White,0.0,missing,200,0.0,0.0,0.018846005918320894,0.23,0.1770925624139232,0.2930842807819702,0.0,0.0,0.018846005918320894,0.0,0.77,0.115
audit precision (approx.),pooled,Black minus White,0.5,attenuated,200,0.0,0.0,0.018846005918320894,0.06,0.0346518499012715,0.10193263530685089,0.0,0.0,0.018846005918320894,0.0,0.94,0.115
audit precision (approx.),pooled,Black minus White,1.0,kept,200,0.0,0.0,0.018846005918320894,0.0,0.0,0.018846005918320894,0.005,0.0008831459893662054,0.02777439986977148,0.0,0.995,0.115
audit precision (approx.),pooled,Black minus White,1.5,steepened,200,0.005,0.0008831459893662054,0.02777439986977148,0.005,0.0008831459893662054,0.02777439986977148,0.0,0.0,0.018846005918320894,0.0,0.995,0.115
audit precision (approx.),pooled,Black minus White,2.0,steepened,200,0.1,0.06566994117157123,0.14940686356308552,0.1,0.06566994117157123,0.14940686356308552,0.0,0.0,0.018846005918320894,0.0,0.9,0.115
audit precision (approx.),pooled,Black minus White,3.0,steepened,200,0.575,0.5057080512046821,0.6414650479075696,0.575,0.5057080512046821,0.6414650479075696,0.0,0.0,0.018846005918320894,0.0,0.425,0.115
audit precision (approx.),pooled,Hispanic minus White,1.0,kept,200,0.0,0.0,0.018846005918320894,0.0,0.0,0.018846005918320894,0.015,0.005114145184492387,0.043166480556278884,0.0,0.985,0.535
audit precision (approx.),pooled,Low minus High SES,-0.5,reversed,200,0.43,0.36334204488394795,0.49929639594461706,1.0,0.9811539940816791,1.0,0.0,0.0,0.018846005918320894,0.0,0.0,0.0
audit precision (approx.),pooled,Low minus High SES,0.0,missing,200,0.065,0.03837598764975976,0.10802003749917945,1.0,0.9811539940816791,1.0,0.0,0.0,0.018846005918320894,0.0,0.0,0.0
audit precision (approx.),pooled,Low minus High SES,0.5,attenuated,200,0.015,0.005114145184492387,0.043166480556278884,0.82,0.7608840628376157,0.8670544933746589,0.0,0.0,0.018846005918320894,0.18,0.0,0.0
audit precision (approx.),pooled,Low minus High SES,1.0,kept,200,0.0,0.0,0.018846005918320894,0.68,0.612479733946457,0.7407357039229475,0.0,0.0,0.018846005918320894,0.32,0.0,0.0
audit precision (approx.),pooled,Low minus High SES,1.5,steepened,200,0.34,0.2779143922159556,0.40811632967790723,1.0,0.9811539940816791,1.0,0.0,0.0,0.018846005918320894,0.0,0.0,0.0
audit precision (approx.),pooled,Low minus High SES,2.0,steepened,200,1.0,0.9811539940816791,1.0,1.0,0.9811539940816791,1.0,0.0,0.0,0.018846005918320894,0.0,0.0,0.0
audit precision (approx.),pooled,Low minus High SES,3.0,steepened,200,1.0,0.9811539940816791,1.0,1.0,0.9811539940816791,1.0,0.0,0.0,0.018846005918320894,0.0,0.0,0.0
audit precision (approx.),pooled,Low minus Middle SES,1.0,kept,200,0.0,0.0,0.018846005918320894,0.01,0.0027466006037749346,0.03572248519617954,0.005,0.0008831459893662054,0.02777439986977148,0.05,0.935,0.0
audit precision (approx.),pooled,Middle minus High SES,-0.5,reversed,200,0.205,0.15486094831106376,0.26625819518074556,0.995,0.9722256001302286,0.999116854010634,0.0,0.0,0.018846005918320894,0.0,0.005,0.0
audit precision (approx.),pooled,Middle minus High SES,0.0,missing,200,0.0,0.0,0.018846005918320894,0.875,0.8219846471534161,0.9138808484078432,0.0,0.0,0.018846005918320894,0.0,0.125,0.0
audit precision (approx.),pooled,Middle minus High SES,0.5,attenuated,200,0.0,0.0,0.018846005918320894,0.22,0.16816453539463405,0.2823892279196257,0.0,0.0,0.018846005918320894,0.005,0.775,0.0
audit precision (approx.),pooled,Middle minus High SES,1.0,kept,200,0.0,0.0,0.018846005918320894,0.03,0.013820125830748327,0.06389511973247333,0.01,0.0027466006037749346,0.03572248519617954,0.015,0.945,0.0
audit precision (approx.),pooled,Middle minus High SES,1.5,steepened,200,0.175,0.12860441174608936,0.23364549210081922,0.19,0.14167093792456506,0.250013585744794,0.0,0.0,0.018846005918320894,0.03,0.78,0.0
audit precision (approx.),pooled,Middle minus High SES,2.0,steepened,200,0.755,0.6909563161285153,0.809432220853141,0.795,0.7337418048192546,0.8451390516889363,0.0,0.0,0.018846005918320894,0.0,0.205,0.0
audit precision (approx.),pooled,Middle minus High SES,3.0,steepened,200,1.0,0.9811539940816791,1.0,1.0,0.9811539940816791,1.0,0.0,0.0,0.018846005918320894,0.0,0.0,0.0
audit precision (approx.),pooled,Women minus Men,-0.5,reversed,200,0.32,0.2592642960770526,0.38752026605354306,1.0,0.9811539940816791,1.0,0.0,0.0,0.018846005918320894,0.0,0.0,0.0
audit precision (approx.),pooled,Women minus Men,0.0,missing,200,0.0,0.0,0.018846005918320894,0.99,0.9642775148038205,0.9972533993962251,0.0,0.0,0.018846005918320894,0.01,0.0,0.0
audit precision (approx.),pooled,Women minus Men,0.5,attenuated,200,0.0,0.0,0.018846005918320894,0.695,0.6280132012185453,0.7546368564733095,0.0,0.0,0.018846005918320894,0.3,0.005,0.0
audit precision (approx.),pooled,Women minus Men,1.0,kept,200,0.0,0.0,0.018846005918320894,0.57,0.500703604055383,0.636657955116052,0.0,0.0,0.018846005918320894,0.425,0.005,0.0
audit precision (approx.),pooled,Women minus Men,1.5,steepened,200,0.31,0.24998842733633997,0.377173054912622,1.0,0.9811539940816791,1.0,0.0,0.0,0.018846005918320894,0.0,0.0,0.0
audit precision (approx.),pooled,Women minus Men,2.0,steepened,200,0.985,0.9568335194437211,0.9948858548155076,1.0,0.9811539940816791,1.0,0.0,0.0,0.018846005918320894,0.0,0.0,0.0
audit precision (approx.),pooled,Women minus Men,3.0,steepened,200,1.0,0.9811539940816791,1.0,1.0,0.9811539940816791,1.0,0.0,0.0,0.018846005918320894,0.0,0.0,0.0
