scale,group,n,misfit_ratio,misfit_ci90_lo,misfit_ci90_hi,overfit_ratio,overfit_ci90_lo,overfit_ci90_hi,point_departure,resolved_departure
Extraversion,country=US,10395,0.9642616642616642,0.9105241848814418,1.0149647767306564,1.0668714455172745,1.0121467204694192,1.106843444684452,1.0668714455172745,1.0121467204694192
Extraversion,country=GB,1546,0.6785252263906857,0.5530211590418012,0.8581293936074669,1.0417467003580803,0.8803956629354126,1.2303996303053608,1.4737845567206862,1.165325424638034
Extraversion,country=CA,1308,0.8644240570846075,0.6801336453077904,1.043073230231291,0.963795930378324,0.7428687252989358,1.1115958694535502,1.1568396226415096,1.0
Extraversion,country=AU,1059,0.7798237330815235,0.5972378051709614,0.9953765769467499,1.0391085855598967,0.8222610009435438,1.270395097533939,1.2823410696266395,1.0046448983835166
Extraversion,country=DE,374,0.7486631016042781,0.44147371714643324,1.0875604838709678,1.046673887140231,0.7315493814407347,1.4759253469405222,1.3357142857142856,1.0
Extraversion,country=PH,280,1.6470238095238094,1.1269347853566583,2.176966625432329,1.0896428571428585,0.7167679837892625,1.6317013789597443,1.6470238095238094,1.1269347853566583
Extraversion,country=IN,279,1.5913978494623655,1.1318810727226567,2.262816597808515,0.18264317852512774,0.030542091085944783,0.36993590763052825,5.475156576200417,2.7031709530580237
Extraversion,country=NONE,249,1.0562248995983936,0.6999046015712684,1.672786561264822,1.3868238913099202,0.860601674223929,1.9121731716559303,1.3868238913099202,1.0
Extraversion,country=NL,241,0.7551867219917011,0.3255185417976115,1.093838619402985,1.0317754968333697,0.5691961715153163,1.5011366977335552,1.3241758241758244,1.0
Extraversion,country=NO,234,0.8675213675213673,0.4196543209876543,1.2740104947526238,1.4365079365079376,0.9121695733645818,1.9860836169408231,1.4365079365079376,1.0
Extraversion,country=MX,228,1.9824561403508771,1.2391792193643127,2.5043889452332655,0.37625313283208145,0.11556928728174799,0.7287134961227523,2.6577851790174765,1.3722814320314844
Extraversion,country=SE,203,0.8078817733990151,0.416243654822335,1.3958725377377648,0.8201970443349756,0.3772574286554869,1.2924973656480505,1.23780487804878,1.0
Extraversion,country=NZ,202,0.8960396039603961,0.49504950495049505,1.5055792249949278,0.7105036590615583,0.32181987650306615,1.2362981295524398,1.4074522871857014,1.0
Extraversion,country=MY,187,1.5080213903743314,0.7813607157869454,1.9947641509433967,0.9572192513368993,0.3945618345618356,1.341349942601843,1.5080213903743314,1.0
Extraversion,country=SG,153,0.6601307189542484,0.2631578947368421,1.198586257103941,1.72757613683772,0.9907187075809311,2.461770172747821,1.72757613683772,1.0
Extraversion,country=ID,148,1.8986486486486487,1.1753246753246753,2.7810436506018275,0.41906580493537043,0.1586280701754392,1.0621473472656675,2.3862600771118103,1.1753246753246753
Extraversion,country=FR,146,0.9794520547945204,0.3451636904761906,1.4999999999999998,0.683612694631158,0.2883802308802318,1.1936036569827702,1.4628166033978467,1.0
Extraversion,country=BR,134,1.1567164179104479,0.5092772882661658,1.8411797680825164,0.6448827292110892,0.23937373838079493,1.202832604983422,1.5506695321540707,1.0
Extraversion,country=IE,119,0.5126050420168067,0.027951303492375804,1.0417200854700854,0.850821179535646,0.35959012681159425,1.6633680555555719,1.9508196721311477,1.0
Extraversion,country=FI,115,0.8579710144927536,0.2384432234432235,1.392717016081502,1.4434782608695653,0.646353803521945,2.295669565217391,1.4434782608695653,1.0
Extraversion,country=IT,112,1.25,0.5263157894736842,2.0952380952380953,0.7142857142857142,0.20202020202020202,1.429085303186022,1.4000000000000001,1.0
Extraversion,country=ES,105,2.257142857142857,1.1404617267467734,3.157627857419605,0.8346764346764355,0.2648754107338445,1.6142676767676758,2.257142857142857,1.1404617267467734
