population,scale,dimension,n_items,n_complete,n_total,alpha_listwise,alpha_pairwise,authors_alpha,abs_diff_listwise,abs_diff_pairwise
generic_gpt35,BFI,Agreeableness,9,149,150,0.8522024807579645,0.8522484297425504,0.8522484297425504,4.5948984585986175e-05,0.0
generic_gpt35,BFI,Conscientiousness,9,147,150,0.797125609106512,0.798723498977262,0.798723498977262,0.0015978898707500466,0.0
generic_gpt35,BFI,Extraversion,8,149,150,0.5860820940324878,0.5823273041247631,0.5823273041247631,0.0037547899077247093,0.0
generic_gpt35,BFI,Neuroticism,8,148,150,0.7218586503502703,0.7227771974351703,0.7227771974351703,0.0009185470849000232,0.0
generic_gpt35,BFI,Openness,10,149,150,0.7382286034627344,0.7480604658846364,0.7480604658846364,0.009831862421901927,0.0
generic_gpt35,BPAQ,Anger,7,150,150,0.8135096642929812,0.8135096642929804,0.813509664292981,2.220446049250313e-16,5.551115123125783e-16
generic_gpt35,BPAQ,Hostility,8,150,150,0.7343149129796027,0.7343149129796023,0.7343149129796027,0.0,4.440892098500626e-16
generic_gpt35,BPAQ,Physical,9,129,150,0.811087282005057,0.8006014599343583,0.8006014599343583,0.010485822070698703,0.0
generic_gpt35,BPAQ,Verbal,5,150,150,0.6257972756997698,0.6257972756997697,0.6257972756997698,0.0,1.1102230246251565e-16
generic_gpt35,PANAS,Negative,10,149,150,0.9027144108023412,0.9026453033324751,0.902645303332475,6.910746986621419e-05,1.1102230246251565e-16
generic_gpt35,PANAS,Positive,10,150,150,0.9491136742540236,0.9491136742540234,0.9491136742540236,0.0,2.220446049250313e-16
generic_gpt35,SSCS,Personal Identity,5,150,150,0.8983374247673237,0.8983374247673237,0.8983374247673235,2.220446049250313e-16,2.220446049250313e-16
generic_gpt35,SSCS,Self-efficacy,6,150,150,0.8877358490566036,0.8877358490566034,0.8877358490566036,0.0,2.220446049250313e-16
generic_gpt4,BFI,Agreeableness,9,121,150,0.8772404862767434,0.8404148694435369,0.8404148694435369,0.03682561683320651,0.0
generic_gpt4,BFI,Conscientiousness,9,142,150,0.8766156620211994,0.8733730936427931,0.8733730936427931,0.0032425683784063075,0.0
generic_gpt4,BFI,Extraversion,8,142,150,0.91104658608203,0.9085316139428941,0.908531613942894,0.0025149721391360957,1.1102230246251565e-16
generic_gpt4,BFI,Neuroticism,8,129,150,0.7690835579514825,0.754785147937989,0.754785147937989,0.014298410013493523,0.0
generic_gpt4,BFI,Openness,10,142,150,0.891934666315529,0.8919876220304855,0.8919876220304854,5.2955714956448574e-05,1.1102230246251565e-16
generic_gpt4,BPAQ,Anger,7,138,150,0.8732392675527622,0.8623126858705299,0.8623126858705299,0.010926581682232261,0.0
generic_gpt4,BPAQ,Hostility,8,138,150,0.8656786367580048,0.855075411980983,0.855075411980983,0.010603224777021802,0.0
generic_gpt4,BPAQ,Physical,9,135,150,0.8864172413283187,0.8802705161209595,0.8802705161209595,0.006146725207359149,0.0
generic_gpt4,BPAQ,Verbal,5,144,150,0.7092875623996076,0.6965048304737698,0.6965048304737698,0.012782731925837787,0.0
generic_gpt4,PANAS,Negative,10,70,150,0.895663587258317,0.8608671926497565,0.8608671926497565,0.03479639460856043,0.0
generic_gpt4,PANAS,Positive,10,112,150,0.894410171575976,0.9001427671904016,0.9001427671904016,0.0057325956144256285,0.0
generic_gpt4,SSCS,Personal Identity,5,145,150,0.8797592182730838,0.8769041236099495,0.8769041236099495,0.002855094663134272,0.0
generic_gpt4,SSCS,Self-efficacy,6,137,150,0.8102841359856607,0.7994402798927861,0.7994402798927861,0.010843856092874637,0.0
silicon_gpt35,BFI,Agreeableness,9,997,1000,0.5368651968568492,0.5374757567091896,0.5374757567091895,0.0006105598523402644,1.1102230246251565e-16
silicon_gpt35,BFI,Conscientiousness,9,991,1000,0.6990257853148731,0.6981259819073389,0.6981259819073389,0.0008998034075342609,0.0
silicon_gpt35,BFI,Extraversion,8,993,1000,0.5418084184277749,0.5509512087879257,0.5509512087879257,0.009142790360150754,0.0
silicon_gpt35,BFI,Neuroticism,8,942,1000,0.5328217956863107,0.5308199145307694,0.5308199145307694,0.0020018811555413407,0.0
silicon_gpt35,BFI,Openness,10,993,1000,0.48094160484621723,0.4825308974357347,0.4825308974357348,0.0015892925895175658,1.1102230246251565e-16
silicon_gpt35,BPAQ,Anger,7,1000,1000,0.41810801417627563,0.4181080141762763,0.4181080141762768,1.1657341758564144e-15,4.996003610813204e-16
silicon_gpt35,BPAQ,Hostility,8,1000,1000,0.6262618979324753,0.6262618979324773,0.6262618979324773,1.9984014443252818e-15,0.0
silicon_gpt35,BPAQ,Physical,9,989,1000,0.36686325315627505,0.36760815086766674,0.3676081508676667,0.0007448977113916344,5.551115123125783e-17
silicon_gpt35,BPAQ,Verbal,5,1000,1000,0.3321806156345222,0.3321806156345254,0.3321806156345259,3.6637359812630166e-15,4.996003610813204e-16
silicon_gpt35,PANAS,Negative,10,1000,1000,0.7951357982019652,0.7951357982019664,0.7951357982019657,4.440892098500626e-16,7.771561172376096e-16
silicon_gpt35,PANAS,Positive,10,999,1000,0.7945959857410445,0.7945652616460798,0.7945652616460798,3.072409496474027e-05,0.0
silicon_gpt35,SSCS,Personal Identity,5,1000,1000,0.4572825234870902,0.4572825234870975,0.4572825234870989,8.715250743307479e-15,1.3877787807814457e-15
silicon_gpt35,SSCS,Self-efficacy,6,1000,1000,0.12125876454592238,0.12125876454590853,0.1212587645459076,1.4779844015322396e-14,9.298117831235686e-16
silicon_gpt4,BFI,Agreeableness,9,996,1000,0.7163372064183776,0.716156565655037,0.716156565655037,0.0001806407633405671,0.0
silicon_gpt4,BFI,Conscientiousness,9,997,1000,0.8369478491603171,0.837485964988433,0.837485964988433,0.0005381158281159149,0.0
silicon_gpt4,BFI,Extraversion,8,996,1000,0.6949081425388626,0.6945040745892875,0.6945040745892875,0.00040406794957503767,0.0
silicon_gpt4,BFI,Neuroticism,8,790,1000,0.261603356802243,0.2363428228141132,0.2363428228141132,0.025260533988129802,0.0
silicon_gpt4,BFI,Openness,10,996,1000,0.7588523788958538,0.7593486419640135,0.7593486419640135,0.0004962630681597524,0.0
silicon_gpt4,BPAQ,Anger,7,994,1000,0.5461955370958631,0.5443932872711926,0.5443932872711927,0.0018022498246703655,1.1102230246251565e-16
silicon_gpt4,BPAQ,Hostility,8,998,1000,0.6081570382589546,0.6081747100927974,0.6081747100927974,1.7671833842825002e-05,0.0
silicon_gpt4,BPAQ,Physical,9,1000,1000,0.4282872332294406,0.428287233229442,0.4282872332294424,1.7763568394002505e-15,3.885780586188048e-16
silicon_gpt4,BPAQ,Verbal,5,1000,1000,0.21107726808695743,0.21107726808695798,0.2110772680869586,1.1657341758564144e-15,6.106226635438361e-16
silicon_gpt4,PANAS,Negative,10,486,1000,0.6240276588467941,0.5954373572083025,0.5954373572083024,0.028590301638491744,1.1102230246251565e-16
silicon_gpt4,PANAS,Positive,10,860,1000,0.7857220887043919,0.7722558851041529,0.7722558851041529,0.01346620360023898,0.0
silicon_gpt4,SSCS,Personal Identity,5,1000,1000,0.5230223313559301,0.523022331355931,0.5230223313559311,9.992007221626409e-16,1.1102230246251565e-16
silicon_gpt4,SSCS,Self-efficacy,6,992,1000,0.5529775103339932,0.5518447293723102,0.5518447293723101,0.001132780961683122,1.1102230246251565e-16
