scale,rep,n,tau,misfit_ratio,misfit_lo,misfit_hi,overfit_ratio,overfit_lo,overfit_hi,L1,R1,phi_lo90,rmsd,rmsd_lo90,rmsd_hi90,R2
Extraversion,0,145,1.5,0.8275862068965517,0.41379310344827586,1.9310344827586206,1.1955791335101682,0.7255249042145595,2.2953735632183907,undetermined,True,0.9878212722258503,0.052526626271653554,0.046033833512278466,0.1251045859897352,unresolved
Extraversion,1,145,1.5,0.9655172413793103,0.27586206896551724,1.5172413793103448,0.8122015915119365,0.34718704284221535,1.5533442802408322,undetermined,True,0.9856855394012713,0.06828235579498307,0.04965945327381685,0.13646626659576275,unresolved
Extraversion,2,145,1.5,0.8275862068965517,0.27586206896551724,1.5172413793103448,0.4926108374384237,0.13793103448275862,1.1018103448275867,undetermined,True,0.9894439266389662,0.04706488852068805,0.04385506934145637,0.11211601819378168,unresolved
Extraversion,3,145,1.5,1.379310344827586,0.5517241379310345,2.068965517241379,1.3054187192118227,0.6613354231974925,2.068965517241379,undetermined,True,0.99134081705454,0.051496046177078765,0.047349818514067686,0.10287333988474916,unresolved
Extraversion,4,145,1.5,0.8275862068965517,0.41379310344827586,1.6551724137931034,0.2349753694581281,0.06787798408488069,0.896449307397584,undetermined,True,0.9886699671260726,0.04096780473850118,0.038205890648396114,0.12030592932876266,unresolved
Agreeableness,0,145,1.5,0.8359550561797753,0.2832073689182806,1.4234547196098917,1.2561576354679806,0.6819651067323484,2.2072126436781603,undetermined,True,0.9891833070203004,0.07555084528931168,0.06257046103459121,0.1345400521786387,unresolved
Agreeableness,1,145,1.5,0.903448275862069,0.41379310344827586,1.7904827586206895,1.1208240035826245,0.5431508620689657,1.8407749147404322,undetermined,True,0.9783702134101862,0.06466315869054307,0.05713219712490463,0.14759384599677464,unresolved
Agreeableness,2,145,1.5,0.9655172413793103,0.41379310344827586,1.7931034482758619,0.6248275862068967,0.23218390804597716,1.295046524356869,undetermined,True,0.9778809789932766,0.06639014791772162,0.06554924929632612,0.14378555189170497,unresolved
Agreeableness,3,145,1.5,1.4317241379310344,0.7124497126436781,2.3283793103448267,1.4280041797283185,0.8275862068965517,2.3450574712643677,undetermined,True,0.9806877716864939,0.07096463323336681,0.06792153240009259,0.13270767370305844,unresolved
Agreeableness,4,145,1.5,0.6655172413793103,0.27586206896551724,1.5172413793103448,1.2684639498432606,0.6342817833507491,1.9965517241379311,undetermined,True,0.9823529016430184,0.042963308231567875,0.054455848943804695,0.1294771643325998,unresolved
Conscientiousness,0,145,1.5,0.7310344827586205,0.33103448275862074,1.682758620689655,0.986977886977887,0.5644401583062189,1.8280636604774532,undetermined,True,0.9886815971419477,0.055558585828706854,0.04656717978170648,0.12297968388951293,unresolved
Conscientiousness,1,145,1.5,1.0413793103448274,0.49655172413793097,1.8758620689655172,1.1460275356827083,0.6243809198666226,1.9746264375319846,undetermined,True,0.9876328110604201,0.06602720427100381,0.06187648425244617,0.11870040289551823,unresolved
Conscientiousness,2,145,1.5,0.7586206896551724,0.323369905956113,1.4553065134099614,0.4832712563578845,0.22584582708645684,1.330191542073574,undetermined,True,0.9894381926868174,0.05446001060939079,0.049809728932952775,0.12643804729658592,unresolved
Conscientiousness,3,145,1.5,0.7968652037617554,0.37931034482758624,1.758965517241379,1.5923956442831215,0.89460254547056,2.4800806700308384,undetermined,True,0.9923317363228761,0.04818680207655623,0.04991089913611211,0.09784093222130345,pass
Conscientiousness,4,145,1.5,0.3724137931034483,0.10344827586206896,1.1889341692789965,0.5955791335101687,0.23876348884381346,1.1403847282257908,undetermined,True,0.9900388325011983,0.054257271118542665,0.050378584709597996,0.11259199136510499,unresolved
Neuroticism,0,145,1.5,1.103448275862069,0.5517241379310345,2.2137931034482694,1.1645977011494255,0.6312260536398469,1.9469613689395915,undetermined,True,0.9924933493440559,0.059548828274489304,0.052849339668058576,0.10079584328101014,unresolved
Neuroticism,1,145,1.5,1.103448275862069,0.41379310344827586,1.7931034482758619,1.974294670846396,1.2152888299440023,2.9149655172413795,undetermined,True,0.9895231942856354,0.0547692114767327,0.042583847142922744,0.11572578972343962,unresolved
Neuroticism,2,145,1.5,0.5517241379310345,0.13793103448275862,1.103448275862069,1.114942528735633,0.46875862068965557,1.7765517241379318,undetermined,True,0.9938699326826419,0.06359608614635258,0.055062879873818235,0.09717661093050095,pass
Neuroticism,3,145,1.5,1.0482758620689654,0.41379310344827586,1.6551724137931034,1.1719122257053296,0.4979214559386973,1.8404844006568146,undetermined,True,0.9940165745522443,0.044207415496880814,0.04164460015469473,0.0887989271832325,pass
Neuroticism,4,145,1.5,1.9310344827586206,0.9655172413793103,2.6206896551724137,0.7057769816390514,0.27586206896551724,1.408951028687337,undetermined,True,0.9957216185469384,0.025945109283868794,0.03308654418213953,0.08066832817547112,pass
Openness,0,145,1.5,1.108045977011494,0.5517241379310345,1.9310344827586206,1.329310344827586,0.7963793103448278,2.206896551724138,undetermined,True,0.9840178294537895,0.06321276827872065,0.05885082283193912,0.12775225649725777,unresolved
Openness,1,145,1.5,1.103448275862069,0.5517241379310345,2.069655172413792,0.9155172413793103,0.41379310344827586,1.9310344827586206,undetermined,True,0.9860854615122763,0.054182717493987544,0.0529423480717863,0.11675398241530978,unresolved
Openness,2,145,1.5,1.379310344827586,0.689655172413793,2.206896551724138,0.82183908045977,0.27586206896551724,1.379310344827586,undetermined,True,0.9709983028287761,0.1053090112442077,0.08959809810860027,0.16874983871252852,unresolved
Openness,3,145,1.5,1.6551724137931034,0.8275862068965517,2.482758620689655,1.3258620689655176,0.689655172413793,2.2764655172413795,undetermined,True,0.9889781429806321,0.054315240857137966,0.05751498034748426,0.11493780021502314,unresolved
Openness,4,145,1.5,1.7931034482758619,0.9655172413793103,2.758620689655172,1.2114942528735648,0.689655172413793,2.2205574712643674,undetermined,True,0.9840908376863101,0.07470199935837252,0.06102173753905189,0.13166998186422946,unresolved
