family,outcome,resid,ci_lo,ci_hi,verdict,se,df,tolerance,resid_sd_units,seed
human_split_half | seed=000,bjw_score,0.9977851605758588,-0.8225396685929749,2.818109989744692,unresolved,1.0960192427621407,96.17996308100228,2.533348997445307,0.19693006403421923,0
human_split_half | seed=000,gut_diff,-0.25692137320044295,-0.9402085575351146,0.42636581113422867,pass,0.41214433492399905,117.87676574221315,0.9487202053351687,-0.13540418542560526,0
human_split_half | seed=001,bjw_score,-2.061461794019934,-3.8514645884818615,-0.2714589995580059,unresolved,1.0805154363031375,130.4393430486723,2.533348997445307,-0.40686494361786785,1
human_split_half | seed=001,gut_diff,-0.35105204872646734,-1.033158367787903,0.33105427033496837,unresolved,0.41066013820427694,95.30432673868401,0.9487202053351687,-0.1850134774996417,1
human_split_half | seed=002,bjw_score,-0.5553709856035418,-2.38301961237996,1.2722776411728767,pass,1.1084686339185013,386.56167416220717,2.533348997445307,-0.1096120167737631,2
human_split_half | seed=002,gut_diff,0.7314507198228128,0.058466195355428185,1.4044352442901975,unresolved,0.4085310723737233,616.8433159359089,0.9487202053351687,0.3854933813517771,2
human_split_half | seed=003,bjw_score,0.056478405315612434,-1.7721470487758775,1.8851038594071023,pass,1.1046710344290944,145.99820527049567,2.533348997445307,0.011146984756653482,3
human_split_half | seed=003,gut_diff,-0.539313399778516,-1.2175131035578501,0.13888630400081825,unresolved,0.4078832693329885,86.16922463725585,0.9487202053351687,-0.2842320616477145,3
human_split_half | seed=004,bjw_score,-0.6024363233665575,-2.4278379609624983,1.222965314229383,pass,1.1033088082924263,159.2324460586674,2.533348997445307,-0.11890117073764205,4
human_split_half | seed=004,gut_diff,0.16666666666666674,-0.5174821677272968,0.8508155010606303,pass,0.4132759151658844,145.02036415913003,0.9487202053351687,0.08783762890755863,4
human_split_half | seed=005,bjw_score,0.9036544850498345,-0.9177708508493905,2.7250798209490594,unresolved,1.1017890102415644,184.54080349558052,2.533348997445307,0.17835175610646273,5
human_split_half | seed=005,gut_diff,0.16666666666666674,-0.5174837962127695,0.850817129546103,pass,0.41340660735372675,152.46298116868607,0.9487202053351687,0.08783762890755863,5
human_split_half | seed=006,bjw_score,1.0448504983388673,-0.7739833587008913,2.863684355378626,unresolved,1.0995781205178734,165.37630802111906,2.533348997445307,0.20621921799809678,6
human_split_half | seed=006,gut_diff,-0.539313399778516,-1.2171863499638347,0.13855955040680257,unresolved,0.4101944392399191,198.53259713625516,0.9487202053351687,-0.2842320616477145,6
human_split_half | seed=007,bjw_score,1.1389811738648916,-0.6781170289180405,2.956079376647824,unresolved,1.0992913377813298,188.61630493302678,2.533348997445307,0.22479752592585328,7
human_split_half | seed=007,gut_diff,0.30786267995570327,-0.37468085727086253,0.9904062171822691,unresolved,0.4125760794262388,161.45830001380722,0.9487202053351687,0.16225156701861324,7
human_split_half | seed=008,bjw_score,-1.5908084163898124,-3.3965275243770527,0.21491069159742793,unresolved,1.090508139824052,139.4866631351723,2.533348997445307,-0.31397340397908535,8
human_split_half | seed=008,gut_diff,-0.25692137320044295,-0.9402916729179696,0.42644892651708366,pass,0.4118165252162032,105.64819750906565,0.9487202053351687,-0.13540418542560526,8
human_split_half | seed=009,bjw_score,0.5741971207087495,-1.2517589579596673,2.4001531993771663,pass,1.1050435200359812,203.2844103214204,2.533348997445307,0.11332767835931495,9
human_split_half | seed=009,gut_diff,0.4961240310077518,-0.18312982638568442,1.175377888401188,unresolved,0.41165154152716676,293.0442683165598,0.9487202053351687,0.261470151166686,9
human_split_half | seed=010,bjw_score,-0.03765227021041184,-1.866397794944332,1.7910932545235083,pass,1.1034036380627976,122.69486857180085,2.533348997445307,-0.0074313231711030225,10
human_split_half | seed=010,gut_diff,-0.25692137320044295,-0.9401759059542163,0.4263331595533304,pass,0.41234089565700877,126.23897583734694,0.9487202053351687,-0.13540418542560526,10
human_split_half | seed=011,bjw_score,-0.2259136212624604,-2.0541534260369794,1.6023261835120588,pass,1.1052997968326745,166.31921712706685,2.533348997445307,-0.04458793902661603,11
human_split_half | seed=011,gut_diff,-0.021594684385382035,-0.7064988407407258,0.6633094719699617,pass,0.4144783021125865,201.55534013918904,0.9487202053351687,-0.011380955240514223,11
human_split_half | seed=012,bjw_score,0.5741971207087495,-1.251688604762519,2.400082846180018,pass,1.1047501688112102,193.6832473483028,2.533348997445307,0.11332767835931495,12
human_split_half | seed=012,gut_diff,0.8255813953488372,0.15619622795378152,1.494966562743893,unresolved,0.40635194224699933,622.7913702282922,0.9487202053351687,0.4351026734258135,12
human_split_half | seed=013,bjw_score,-0.7436323366555904,-2.5676413492646706,1.0803766759534899,unresolved,1.0993427633949906,107.28102673787971,2.533348997445307,-0.1467686326292761,13
human_split_half | seed=013,gut_diff,-0.25692137320044295,-0.9403842500400508,0.4265415036391649,pass,0.41155408945375516,97.16235161605515,0.9487202053351687,-0.13540418542560526,13
human_split_half | seed=014,bjw_score,0.6212624584717616,-1.204199246624737,2.4467241635682604,pass,1.1047879215734662,205.05165264968133,2.533348997445307,0.1226168323231932,14
human_split_half | seed=014,gut_diff,0.025470653377630326,-0.6594360714742984,0.710377378229559,pass,0.41450286523814645,204.0079106533467,0.9487202053351687,0.013423690796504078,14
human_split_half | seed=015,bjw_score,1.1389811738648916,-0.6779952241498799,2.9559575718796633,unresolved,1.098504797513766,166.71272947117933,2.533348997445307,0.22479752592585328,15
human_split_half | seed=015,gut_diff,0.4961240310077518,-0.183349266654249,1.1755973286697525,unresolved,0.4120450393879897,366.06905336654944,0.9487202053351687,0.261470151166686,15
human_split_half | seed=016,bjw_score,-0.03765227021041184,-1.8663791014081388,1.791074560987315,pass,1.1035260263623214,124.68011730785665,2.533348997445307,-0.0074313231711030225,16
human_split_half | seed=016,gut_diff,-0.3981173864894796,-1.0796188989558528,0.2833841259768938,unresolved,0.40965349400284234,82.1919695170535,0.9487202053351687,-0.20981812353665993,16
human_split_half | seed=017,bjw_score,1.1860465116279073,-0.6299970388983527,3.002090062154167,unresolved,1.0983493983279717,178.60692181313783,2.533348997445307,0.23408667988973222,17
human_split_half | seed=017,gut_diff,-0.25692137320044295,-0.9402456071057826,0.42640286070489675,pass,0.413518297973495,201.14510851216784,0.9487202053351687,-0.13540418542560526,17
human_split_half | seed=018,bjw_score,1.2801771871539316,-0.5339000045815576,3.0942543788894206,unresolved,1.0977687536348473,199.8713608499693,2.533348997445307,0.25266498781748875,18
human_split_half | seed=018,gut_diff,1.013842746400886,0.353952130254812,1.67373336254696,unresolved,0.3997438071446812,257.8814066843172,0.9487202053351687,0.5343212575738863,18
human_split_half | seed=019,bjw_score,0.1506090808416367,-1.6779635615661412,1.9791817232494147,pass,1.1060113536041078,181.25734738583378,2.533348997445307,0.029725292684409987,19
human_split_half | seed=019,gut_diff,0.21373200442967888,-0.47016206725078014,0.8976260761101379,pass,0.41408699915193153,227.77170522228113,0.9487202053351687,0.11264227494457682,19
human_split_half | seed=020,bjw_score,0.8565891472868188,-0.9654701493941373,2.678648443967775,unresolved,1.1013816871008955,161.5652379779291,2.533348997445307,0.16906260214258376,20
human_split_half | seed=020,gut_diff,-0.35105204872646734,-1.032904302834876,0.3308002053819413,unresolved,0.4121045978057829,157.89859951044002,0.9487202053351687,-0.1850134774996417,20
human_split_half | seed=021,bjw_score,0.7624584717607981,-1.0611308578409517,2.5860478013625476,unresolved,1.1032637524847135,190.20463375576236,2.533348997445307,0.15048429421482798,21
human_split_half | seed=021,gut_diff,0.11960132890365438,-0.5648787447689726,0.8040814025762814,pass,0.4137063251104432,158.77650161090685,0.9487202053351687,0.06303298287054034,21
human_split_half | seed=022,bjw_score,0.5271317829457374,-1.299723969697899,2.353987535589374,pass,1.1066181497990306,255.23100552148378,2.533348997445307,0.1040385243954367,22
human_split_half | seed=022,gut_diff,0.11960132890365438,-0.564918004975081,0.8041206627823898,pass,0.41403263857476924,181.3786387043136,0.9487202053351687,0.06303298287054034,22
human_split_half | seed=023,bjw_score,0.6212624584717616,-1.203934367233671,2.4464592841771946,pass,1.101997285679974,134.48987793846425,2.533348997445307,0.1226168323231932,23
human_split_half | seed=023,gut_diff,0.07253599114064224,-0.6121963800181622,0.7572683622994467,pass,0.41413702805446584,179.31529765639772,0.9487202053351687,0.03822833683352215,23
human_split_half | seed=024,bjw_score,-0.8377630121816182,-2.660640613450309,0.985114589087073,unresolved,1.1039174456454603,238.01614320859443,2.533348997445307,-0.1653469405570333,24
human_split_half | seed=024,gut_diff,0.11960132890365438,-0.5648981762474442,0.804100834054753,pass,0.4139021440602432,171.80059342839283,0.9487202053351687,0.06303298287054034,24
human_split_half | seed=025,bjw_score,1.1389811738648916,-0.6783741600246029,2.9563365077543864,unresolved,1.1002737224306722,222.5195239760071,2.533348997445307,0.22479752592585328,25
human_split_half | seed=025,gut_diff,0.30786267995570327,-0.37580573774225146,0.991531097653658,unresolved,0.41499129972064436,592.758328781429,0.9487202053351687,0.16225156701861324,25
human_split_half | seed=026,bjw_score,-0.8848283499446303,-2.707283872467297,0.9376271725780361,unresolved,1.1042307757585363,274.18914159606777,2.533348997445307,-0.17463609452091156,26
human_split_half | seed=026,gut_diff,0.5431893687707642,-0.13607439919583297,1.2224531367373612,unresolved,0.4125365017187813,896.8899408244281,0.9487202053351687,0.2862747972037043,26
human_split_half | seed=027,bjw_score,-0.6965669988925818,-2.5208540768779364,1.1277200790927728,pass,1.1016799366561474,138.70047339083195,2.533348997445307,-0.13747947866539856,27
human_split_half | seed=027,gut_diff,-0.9158361018826136,-1.5809966211518955,-0.25067558261333167,unresolved,0.3991406478933704,71.38272130540066,0.9487202053351687,-0.4826692299438602,27
human_split_half | seed=028,bjw_score,-0.6495016611295661,-2.4747290141528784,1.1757256918937462,pass,1.099943666183671,105.80805802290563,2.533348997445307,-0.1281903247015196,28
human_split_half | seed=028,gut_diff,-0.11572535991140653,-0.8002893904484567,0.5688386706256436,pass,0.41286424691722867,116.09311103330442,0.9487202053351687,-0.06099024731455071,28
human_split_half | seed=029,bjw_score,0.8095238095238102,-1.0132173770346087,2.6322649960822293,unresolved,1.1012197946823097,148.1779966423215,2.533348997445307,0.15977344817870623,29
human_split_half | seed=029,gut_diff,-0.021594684385382035,-0.7064264999726633,0.6632371312018992,pass,0.41330363462527225,126.68910950631268,0.9487202053351687,-0.011380955240514223,29
human_split_half | seed=030,bjw_score,0.2918050941306767,-1.5362016726475058,2.119811860908859,pass,1.105653769159858,180.76996127698834,2.533348997445307,0.05759275457604544,30
human_split_half | seed=030,gut_diff,-0.16279069767441867,-0.8472096969759312,0.5216283016270938,pass,0.41453937798405394,247.44312290845858,0.9487202053351687,-0.0857948933515689,30
human_split_half | seed=031,bjw_score,-0.5083056478405332,-2.3347434537111296,1.3181321580300633,pass,1.1046674602006237,179.59164564433266,2.533348997445307,-0.10032286280988555,31
human_split_half | seed=031,gut_diff,-0.20985603543743092,-0.8936203487304059,0.473908277855544,pass,0.41327786934012295,159.04906826703862,0.9487202053351687,-0.11059953938858713,31
human_split_half | seed=032,bjw_score,-0.3200442967884847,-2.1484052314277586,1.5083166378507893,pass,1.107383085583979,246.2688679158373,2.533348997445307,-0.06316624695437253,32
human_split_half | seed=032,gut_diff,0.4490586932447398,-0.23151524519558941,1.129632631685069,unresolved,0.41273338299077683,373.5227061678689,0.9487202053351687,0.23666550512966786,32
human_split_half | seed=033,bjw_score,-0.13178294573643612,-1.9603146139222898,1.6967487224494175,pass,1.1038745350208756,132.1392097908961,2.533348997445307,-0.026009631098859527,33
human_split_half | seed=033,gut_diff,0.4961240310077518,-0.18295918655582333,1.175207248571327,unresolved,0.41125766716151974,239.7001209631126,0.9487202053351687,0.261470151166686,33
human_split_half | seed=034,bjw_score,-0.8377630121816182,-2.660231998032789,0.9847059736695525,unresolved,1.1024484107543646,185.47753998283684,2.533348997445307,-0.1653469405570333,34
human_split_half | seed=034,gut_diff,-0.021594684385382035,-0.7064037240413803,0.6632143552706162,pass,0.4135649601809838,139.27241857298014,0.9487202053351687,-0.011380955240514223,34
human_split_half | seed=035,bjw_score,1.3272425249169437,-0.4854780579533928,3.1399631077872803,unresolved,1.094780494980132,140.3308347401796,2.533348997445307,0.261954141781367,35
human_split_half | seed=035,gut_diff,-0.3981173864894796,-1.0791324274281173,0.28289765444915815,unresolved,0.4117579875473487,168.9867600310563,0.9487202053351687,-0.20981812353665993,35
human_split_half | seed=036,bjw_score,0.5741971207087495,-1.2519225195832033,2.4003167610007026,pass,1.105605558990177,223.7636851702566,2.533348997445307,0.11332767835931495,36
human_split_half | seed=036,gut_diff,0.07253599114064224,-0.6122669590676584,0.7573389413489429,pass,0.41446300241949613,206.51381676917077,0.9487202053351687,0.03822833683352215,36
human_split_half | seed=037,bjw_score,1.3272425249169437,-0.4862242790896516,3.1407093289235393,unresolved,1.0985979727005115,261.1152369635082,2.533348997445307,0.261954141781367,37
human_split_half | seed=037,gut_diff,-0.11572535991140653,-0.8002212051815774,0.5687704853587643,pass,0.4135832583578371,150.55470577439382,0.9487202053351687,-0.06099024731455071,37
human_split_half | seed=038,bjw_score,-0.272978959025469,-2.1010394481025485,1.5550815300516105,pass,1.1054381056550449,173.22279088783517,2.533348997445307,-0.053877092990493584,38
human_split_half | seed=038,gut_diff,0.4490586932447398,-0.23089093832653818,1.1290083248160179,unresolved,0.41083117176765466,150.24802680709357,0.9487202053351687,0.23666550512966786,38
human_split_half | seed=039,bjw_score,0.1506090808416367,-1.678182161751421,1.9794003234346944,pass,1.1069633746325183,211.81454375069856,2.533348997445307,0.029725292684409987,39
human_split_half | seed=039,gut_diff,-0.11572535991140653,-0.8006173084344631,0.56916658861165,pass,0.41508262128202283,296.2399119080984,0.9487202053351687,-0.06099024731455071,39
human_split_half | seed=040,bjw_score,-1.3084163898117396,-3.1217211738069492,0.5048883941834703,unresolved,1.096862615166483,184.06739150752097,2.533348997445307,-0.25823848019581586,40
human_split_half | seed=040,gut_diff,0.11960132890365438,-0.5648722172115854,0.8040748750188942,pass,0.4134450889070391,143.56353885896158,0.9487202053351687,0.06303298287054034,40
human_split_half | seed=041,bjw_score,0.48006644518272523,-1.348471200354792,2.3086040907202428,pass,1.0978571177609704,74.54836820145704,2.533348997445307,0.09474937043155846,41
human_split_half | seed=041,gut_diff,-0.49224806201550375,-1.1714837717306692,0.1869876476996617,unresolved,0.40889202217132864,94.3669423651885,0.9487202053351687,-0.25942741561069627,41
human_split_half | seed=042,bjw_score,-0.6495016611295661,-2.474474922625997,1.175471600366865,pass,1.1009990686414026,120.8411458448499,2.533348997445307,-0.1281903247015196,42
human_split_half | seed=042,gut_diff,-0.25692137320044295,-0.9401489049080004,0.4263061585071145,pass,0.41273373629227533,145.8091814609126,0.9487202053351687,-0.13540418542560526,42
human_split_half | seed=043,bjw_score,-1.8732004429678852,-3.6701299592604695,-0.076270926675301,unresolved,1.0838275871288725,117.30052508075256,2.533348997445307,-0.36970832776235485,43
human_split_half | seed=043,gut_diff,-0.021594684385382035,-0.7064037240413804,0.6632143552706163,pass,0.4135649601809839,139.2724185729801,0.9487202053351687,-0.011380955240514223,43
human_split_half | seed=044,bjw_score,-0.7906976744186061,-2.6137578718391508,1.0323625230019386,unresolved,1.1021838654143197,166.7380094399659,2.533348997445307,-0.15605778659315506,44
human_split_half | seed=044,gut_diff,0.40199335548172765,-0.2792805678418814,1.0832672788053368,unresolved,0.412832902408645,283.7540801554165,0.9487202053351687,0.21186085909264968,44
human_split_half | seed=045,bjw_score,0.5271317829457374,-1.2991350706771827,2.3533986365686577,pass,1.1045904354748808,180.42235989058062,2.533348997445307,0.1040385243954367,45
human_split_half | seed=045,gut_diff,-0.35105204872646734,-1.033039227949726,0.33093513049679135,unresolved,0.41098887026141434,105.81843181376617,0.9487202053351687,-0.1850134774996417,45
human_split_half | seed=046,bjw_score,-0.2259136212624604,-2.05418606291234,1.602358820387419,pass,1.1055685714100716,173.2897473749247,2.533348997445307,-0.04458793902661603,46
human_split_half | seed=046,gut_diff,0.025470653377630326,-0.6594049020270287,0.7103462087822894,pass,0.41437251880779197,192.64921420781033,0.9487202053351687,0.013423690796504078,46
human_split_half | seed=047,bjw_score,-2.2967884828349945,-4.077295965331433,-0.5162810003385561,unresolved,1.0751935451503687,137.78455637390758,2.533348997445307,-0.45331071343725915,47
human_split_half | seed=047,gut_diff,0.11960132890365438,-0.5649299723542048,0.8041326301615136,pass,0.4140978704110238,186.46594442622677,0.9487202053351687,0.06303298287054034,47
human_split_half | seed=048,bjw_score,1.2801771871539316,-0.5339639786380774,3.0943183529459404,unresolved,1.0980147727579086,208.3190620576442,2.533348997445307,0.25266498781748875,48
human_split_half | seed=048,gut_diff,0.11960132890365438,-0.565375876644038,0.8045785344513467,pass,0.41527029126415604,330.7838315564172,0.9487202053351687,0.06303298287054034,48
human_split_half | seed=049,bjw_score,0.056478405315612434,-1.7729992384643842,1.885956049095609,pass,1.108454450006574,271.9423768132566,2.533348997445307,0.011146984756653482,49
human_split_half | seed=049,gut_diff,0.8255813953488372,0.15582761321991856,1.495335177477756,unresolved,0.4067505670684013,875.5605303041965,0.9487202053351687,0.4351026734258135,49
human_split_half | seed=050,bjw_score,0.8565891472868188,-0.9658550951991858,2.6790333897728233,unresolved,1.1033173786849457,220.73462718463657,2.533348997445307,0.16906260214258376,50
human_split_half | seed=050,gut_diff,0.07253599114064224,-0.6123046794739745,0.757376661755259,pass,0.41459332040217717,219.12426996887234,0.9487202053351687,0.03822833683352215,50
human_split_half | seed=051,bjw_score,0.4330011074197131,-1.3943986907869517,2.260400905626378,pass,1.1063732732499985,223.40696803811522,2.533348997445307,0.0854602164676802,51
human_split_half | seed=051,gut_diff,-0.021594684385382035,-0.7074778863814075,0.6642885176106434,pass,0.41629897452119685,561.1455064251373,0.9487202053351687,-0.011380955240514223,51
human_split_half | seed=052,bjw_score,1.797895902547065,-0.00355248017337928,3.5993442852675095,unresolved,1.0929228214194446,444.9906723545801,2.533348997445307,0.3548456814201495,52
human_split_half | seed=052,gut_diff,0.6373200442967883,-0.03819521504733381,1.3128353036409104,unresolved,0.4095820771526325,345.23023564880583,0.9487202053351687,0.3358840892777406,52
human_split_half | seed=053,bjw_score,1.3272425249169437,-0.4864241828765432,3.1409092327104307,unresolved,1.0990404333550907,284.4845005914091,2.533348997445307,0.261954141781367,53
human_split_half | seed=053,gut_diff,0.21373200442967888,-0.470641540498947,0.8981055493583048,pass,0.41506427209896674,383.41392016267673,0.9487202053351687,0.11264227494457682,53
human_split_half | seed=054,bjw_score,0.3388704318936888,-1.4887806697385682,2.1665215335259456,pass,1.1048100548207473,162.79900372844665,2.533348997445307,0.06688190853992369,54
human_split_half | seed=054,gut_diff,-0.25692137320044295,-0.9402721636403609,0.42642941723947503,pass,0.41188210802960024,107.93968017317515,0.9487202053351687,-0.13540418542560526,54
human_split_half | seed=055,bjw_score,0.2918050941306767,-1.536197545825205,2.1198077340865584,pass,1.1056293396901338,180.07648836199675,2.533348997445307,0.05759275457604544,55
human_split_half | seed=055,gut_diff,-0.3981173864894796,-1.079279057634839,0.28304428465587983,unresolved,0.41241343945928594,225.21322893370905,0.9487202053351687,-0.20981812353665993,55
human_split_half | seed=056,bjw_score,0.48006644518272523,-1.346567957245226,2.3067008476106765,pass,1.1044309566405615,169.10045455620173,2.533348997445307,0.09474937043155846,56
human_split_half | seed=056,gut_diff,-0.49224806201550375,-1.1712768009769645,0.1867806769459569,unresolved,0.41080321266317454,189.6130782060461,0.9487202053351687,-0.25942741561069627,56
human_split_half | seed=057,bjw_score,-0.6024363233665575,-2.4279984667426633,1.2231258200095483,pass,1.1044588216508358,190.2583159488795,2.533348997445307,-0.11890117073764205,57
human_split_half | seed=057,gut_diff,-0.11572535991140653,-0.8005852997093001,0.5691345798864871,pass,0.41501754422746473,286.19976728409705,0.9487202053351687,-0.06099024731455071,57
human_split_half | seed=058,bjw_score,0.7153931339977859,-1.1109772584104987,2.5417635264060703,unresolved,1.1081596399040308,468.6834653259661,2.533348997445307,0.1411951402509497,58
human_split_half | seed=058,gut_diff,0.40199335548172765,-0.2795316214896132,1.0835183324530684,unresolved,0.41329063457506837,366.56522942169534,0.9487202053351687,0.21186085909264968,58
human_split_half | seed=059,bjw_score,-0.6024363233665575,-2.427840310589411,1.222967663856296,pass,1.1021330880230369,134.67881954587193,2.533348997445307,-0.11890117073764205,59
human_split_half | seed=059,gut_diff,-0.8217054263565892,-1.4907527951089148,-0.15265805760426343,unresolved,0.4017935937936509,75.99795410673791,0.9487202053351687,-0.4330599378698238,59
human_split_half | seed=060,bjw_score,-0.9789590254706546,-2.8002654784264154,0.8423474274851059,unresolved,1.0949122852955435,82.9706680309045,2.533348997445307,-0.19321440244866805,60
human_split_half | seed=060,gut_diff,-0.35105204872646734,-1.0331866135101762,0.3310825160572416,unresolved,0.4105943602099234,93.38660359246288,0.9487202053351687,-0.1850134774996417,60
human_split_half | seed=061,bjw_score,-2.6262458471760795,-4.391673442779896,-0.8608182515722627,unresolved,1.0663231984435622,142.4413662710956,2.533348997445307,-0.5183347911844068,61
human_split_half | seed=061,gut_diff,-0.3981173864894796,-1.0792616465482152,0.28302687356925593,unresolved,0.41044394359504377,104.75069664292309,0.9487202053351687,-0.20981812353665993,61
human_split_half | seed=062,bjw_score,-0.41417497231450895,-2.241308154974359,1.4129582103453413,pass,1.1031401115224435,134.02944417991463,2.533348997445307,-0.08174455488212903,62
human_split_half | seed=062,gut_diff,-0.5863787375415282,-1.262966550391483,0.0902090753084267,unresolved,0.40793354578599994,111.99207282651699,0.9487202053351687,-0.30903670768473274,62
human_split_half | seed=063,bjw_score,0.056478405315612434,-1.773077823790831,1.8860346344220558,pass,1.1086250092144294,281.06179033497784,2.533348997445307,0.011146984756653482,63
human_split_half | seed=063,gut_diff,0.11960132890365438,-0.5649299723542047,0.8041326301615135,pass,0.41409787041102375,186.46594442622686,0.9487202053351687,0.06303298287054034,63
human_split_half | seed=064,bjw_score,-0.6965669988925818,-2.520845369705591,1.1277113719204273,pass,1.1021701739322673,148.64274541145454,2.533348997445307,-0.13747947866539856,64
human_split_half | seed=064,gut_diff,0.30786267995570327,-0.3747377141347401,0.9904630740461466,unresolved,0.4129686963406348,190.05180196180936,0.9487202053351687,0.16225156701861324,64
human_split_half | seed=065,bjw_score,0.6683277962347738,-1.1563126984301055,2.492968290899653,pass,1.1027704481052474,157.32354574415857,2.533348997445307,0.13190598628707145,65
human_split_half | seed=065,gut_diff,0.4961240310077518,-0.18295918655582333,1.175207248571327,unresolved,0.41125766716151974,239.7001209631125,0.9487202053351687,0.261470151166686,65
human_split_half | seed=066,bjw_score,0.1506090808416367,-1.677849093892233,1.9790672555755064,pass,1.104960738637138,154.5603710856793,2.533348997445307,0.029725292684409987,66
human_split_half | seed=066,gut_diff,-0.3039867109634551,-0.9868248539570285,0.3788514320301183,unresolved,0.41113983323232955,96.23684497440942,0.9487202053351687,-0.16020883146262344,66
human_split_half | seed=067,bjw_score,-1.826135105204873,-3.624505706060509,-0.027764504349237162,unresolved,1.0868128658266412,155.37678562167363,2.533348997445307,-0.3604191737984766,67
human_split_half | seed=067,gut_diff,-0.11572535991140653,-0.8002203886608426,0.5687696688380295,pass,0.4135179453423103,146.83777755736816,0.9487202053351687,-0.06099024731455071,67
human_split_half | seed=068,bjw_score,0.056478405315612434,-1.7727557649485488,1.8857125755797737,pass,1.1078694762331651,243.79208638888528,2.533348997445307,0.011146984756653482,68
human_split_half | seed=068,gut_diff,0.21373200442967888,-0.4707278942104466,0.8981919030698043,pass,0.41519440135985,415.5510745695948,0.9487202053351687,0.11264227494457682,68
human_split_half | seed=069,bjw_score,-1.5437430786267967,-3.350830308578592,0.2633441513249988,unresolved,1.0923647410747537,162.42203909562193,2.533348997445307,-0.3046842500152064,69
human_split_half | seed=069,gut_diff,0.025470653377630326,-0.6597623723350815,0.7107036790903422,pass,0.41208478224939277,85.62491484740595,0.9487202053351687,0.013423690796504078,69
human_split_half | seed=070,bjw_score,-0.6495016611295661,-2.4743943610891987,1.1753910388300663,pass,1.1032537481174105,165.71618977755432,2.533348997445307,-0.1281903247015196,70
human_split_half | seed=070,gut_diff,0.16666666666666674,-0.5174966585120058,0.8508299918453393,pass,0.4136025682040636,164.72840478117644,0.9487202053351687,0.08783762890755863,70
human_split_half | seed=071,bjw_score,0.3388704318936888,-1.489335918975144,2.1670767827625217,pass,1.1072033524431992,241.2995538559267,2.533348997445307,0.06688190853992369,71
human_split_half | seed=071,gut_diff,0.11960132890365438,-0.5648750299443925,0.8040776877517013,pass,0.41364103152688825,154.75794477685196,0.9487202053351687,0.06303298287054034,71
human_split_half | seed=072,bjw_score,0.48006644518272523,-1.3466446839972521,2.3067775743627026,pass,1.1049444184821862,183.16118921491272,2.533348997445307,0.09474937043155846,72
human_split_half | seed=072,gut_diff,0.3549280177187154,-0.32744010826521497,1.0372961437026458,unresolved,0.4137826054045336,359.9285966441892,0.9487202053351687,0.18705621305563142,72
human_split_half | seed=073,bjw_score,0.7624584717607981,-1.061228153982227,2.586145097503823,unresolved,1.1036798700712827,203.67912112914462,2.533348997445307,0.15048429421482798,73
human_split_half | seed=073,gut_diff,-0.49224806201550375,-1.1716809453468326,0.18718482131582515,unresolved,0.4084954870654031,83.72875596765641,0.9487202053351687,-0.25942741561069627,73
human_split_half | seed=074,bjw_score,1.9861572535991137,0.1933413258267367,3.778973181371491,unresolved,1.0839501161216225,168.16251467892303,2.533348997445307,0.39200229727566255,74
human_split_half | seed=074,gut_diff,-0.06866002214839417,-0.7535798160750398,0.6162597717782514,pass,0.41249472666939,98.7375433752612,0.9487202053351687,-0.036185601277532405,74
human_split_half | seed=075,bjw_score,1.4684385382059801,-0.3410348821884053,3.2779119586003658,unresolved,1.0953036934647113,213.29316410248106,2.533348997445307,0.28982160367300175,75
human_split_half | seed=075,gut_diff,0.025470653377630326,-0.6593791690443581,0.7103204757996188,pass,0.41424213136231663,182.2008054629094,0.9487202053351687,0.013423690796504078,75
human_split_half | seed=076,bjw_score,0.009413067552603849,-1.8193457055161069,1.8381718406213146,pass,1.1060294767388574,178.29367241357937,2.533348997445307,0.0018578307927759308,76
human_split_half | seed=076,gut_diff,1.013842746400886,0.35303606820069244,1.6746494246010792,unresolved,0.40116024391691,639.8093539842525,0.9487202053351687,0.5343212575738863,76
human_split_half | seed=077,bjw_score,-1.1672203765227032,-2.983614648558938,0.6491738955135316,unresolved,1.0982236414075808,168.65818851318883,2.533348997445307,-0.23037101830418108,77
human_split_half | seed=077,gut_diff,-0.021594684385382035,-0.7064073123313204,0.6632179435605563,pass,0.41349964427522695,135.95949129602025,0.9487202053351687,-0.011380955240514223,77
human_split_half | seed=078,bjw_score,1.1860465116279073,-0.6304710283018236,3.002564051557638,unresolved,1.1001185731175096,240.9716521444537,2.533348997445307,0.23408667988973222,78
human_split_half | seed=078,gut_diff,-0.16279069767441867,-0.8470809220238076,0.5214995266749702,pass,0.41414825009511874,206.02416785040285,0.9487202053351687,-0.0857948933515689,78
human_split_half | seed=079,bjw_score,-0.41417497231450895,-2.241445717644152,1.4130957730151341,pass,1.1054148586433001,187.5654428725536,2.533348997445307,-0.08174455488212903,79
human_split_half | seed=079,gut_diff,-0.25692137320044295,-0.9407984882823701,0.4269557418814842,pass,0.41475748547835484,381.24771316678317,0.9487202053351687,-0.13540418542560526,79
human_split_half | seed=080,bjw_score,-0.5083056478405332,-2.3346716570604187,1.3180603613793522,pass,1.1024891724917283,130.8289169202853,2.533348997445307,-0.10032286280988555,80
human_split_half | seed=080,gut_diff,0.16666666666666674,-0.5174837962127695,0.850817129546103,pass,0.41340660735372675,152.46298116868607,0.9487202053351687,0.08783762890755863,80
human_split_half | seed=081,bjw_score,1.8449612403100772,0.04654475497110888,3.643377725649046,unresolved,1.0893790359512012,254.4600858654886,2.533348997445307,0.36413483538402774,81
human_split_half | seed=081,gut_diff,0.40199335548172765,-0.2797985893887822,1.0837853003522375,unresolved,0.4136825733216472,469.7154801380455,0.9487202053351687,0.21186085909264968,81
human_split_half | seed=082,bjw_score,0.2918050941306767,-1.5369960453977538,2.120606233659107,pass,1.1081427460308872,279.17905131553545,2.533348997445307,0.05759275457604544,82
human_split_half | seed=082,gut_diff,-0.16279069767441867,-0.8470221498645918,0.5214407545157544,pass,0.4138872928247626,183.86921329905087,0.9487202053351687,-0.0857948933515689,82
human_split_half | seed=083,bjw_score,0.5271317829457374,-1.300118057505482,2.354381623396957,pass,1.1074720971862968,301.18544098032083,2.533348997445307,0.1040385243954367,83
human_split_half | seed=083,gut_diff,0.30786267995570327,-0.3750616561851309,0.9907870160965374,unresolved,0.4138833540865315,294.69998684513826,0.9487202053351687,0.16225156701861324,83
human_split_half | seed=084,bjw_score,1.5625692137320044,-0.24410787446187565,3.3692463019258847,unresolved,1.0929221748382136,186.381313484694,2.533348997445307,0.30839991160075825,84
human_split_half | seed=084,gut_diff,0.11960132890365438,-0.5648838428717395,0.8040865006790483,pass,0.41377160839060384,162.95095046717879,0.9487202053351687,0.06303298287054034,84
human_split_half | seed=085,bjw_score,-1.9673311184939095,-3.7618326141994567,-0.17282962278836256,unresolved,1.0875873068493218,297.9491804156586,2.533348997445307,-0.38828663569011135,85
human_split_half | seed=085,gut_diff,0.025470653377630326,-0.6599988943032323,0.710940201058493,pass,0.41573911806812763,387.3117892329596,0.9487202053351687,0.013423690796504078,85
human_split_half | seed=086,bjw_score,-0.7436323366555904,-2.5676130324220425,1.080348359110862,unresolved,1.1039766215683602,208.59153403719367,2.533348997445307,-0.1467686326292761,86
human_split_half | seed=086,gut_diff,-0.021594684385382035,-0.7067007045932311,0.663511335822467,pass,0.41506438920481786,266.01960621828243,0.9487202053351687,-0.011380955240514223,86
human_split_half | seed=087,bjw_score,1.0448504983388673,-0.7740790059854807,2.8637800026632156,unresolved,1.0972666579224124,119.62433554239821,2.533348997445307,0.20621921799809678,87
human_split_half | seed=087,gut_diff,-0.8217054263565892,-1.4901376960012964,-0.1532731567118818,unresolved,0.40320282980476213,118.56966638575902,0.9487202053351687,-0.4330599378698238,87
human_split_half | seed=088,bjw_score,-0.41417497231450895,-2.24132252322641,1.412972578597392,pass,1.1045837739173803,164.83593251808605,2.533348997445307,-0.08174455488212903,88
human_split_half | seed=088,gut_diff,0.5431893687707642,-0.13559519600285885,1.2219739335443873,unresolved,0.4120123802269704,579.8231288687898,0.9487202053351687,0.2862747972037043,88
human_split_half | seed=089,bjw_score,1.2331118493909194,-0.581928414665333,3.0481521134471716,unresolved,1.097899075032933,183.62676561474274,2.533348997445307,0.24337583385361047,89
human_split_half | seed=089,gut_diff,0.16666666666666674,-0.517559579738467,0.8508929130718005,pass,0.4139942116353251,194.0603784641512,0.9487202053351687,0.08783762890755863,89
human_split_half | seed=090,bjw_score,1.9861572535991137,0.1932166120009875,3.77909789519724,unresolved,1.0847223095920104,190.23625127312187,2.533348997445307,0.39200229727566255,90
human_split_half | seed=090,gut_diff,0.21373200442967888,-0.47081945728632646,0.8982834661456842,pass,0.41532448984870046,451.85634790118564,0.9487202053351687,0.11264227494457682,90
human_split_half | seed=091,bjw_score,-0.41417497231450895,-2.241407644017139,1.4130576993881212,pass,1.1023563173899096,120.75827687108062,2.533348997445307,-0.08174455488212903,91
human_split_half | seed=091,gut_diff,0.11960132890365438,-0.5650517842980775,0.8042544421053862,pass,0.41455420585885017,228.8014086967113,0.9487202053351687,0.06303298287054034,91
human_split_half | seed=092,bjw_score,0.1976744186046524,-1.6324714434259204,2.0278202806352255,pass,1.11004430968367,395.62747805498316,2.533348997445307,0.03901444664828894,92
human_split_half | seed=092,gut_diff,1.1079734219269102,0.45314574735528534,1.762801096498535,unresolved,0.39657338143335685,240.48866064239505,0.9487202053351687,0.5839305496479227,92
human_split_half | seed=093,bjw_score,-0.7436323366555904,-2.5673040460592773,1.0800393727480966,unresolved,1.1020175783846309,153.39156120276698,2.533348997445307,-0.1467686326292761,93
human_split_half | seed=093,gut_diff,-0.9158361018826136,-1.5801698818921486,-0.2515023218730785,unresolved,0.4013002765524155,144.6896667315187,0.9487202053351687,-0.4826692299438602,93
human_split_half | seed=094,bjw_score,-0.9789590254706546,-2.7991568061096714,0.841238755168362,unresolved,1.0976963268709339,115.11879394600214,2.533348997445307,-0.19321440244866805,94
human_split_half | seed=094,gut_diff,-0.021594684385382035,-0.7068469810232318,0.6636576122524678,pass,0.41206007498061376,84.94092703085974,0.9487202053351687,-0.011380955240514223,94
human_split_half | seed=095,bjw_score,-0.6495016611295661,-2.474547064206517,1.1755437419473844,pass,1.1042081466878142,192.4652497378595,2.533348997445307,-0.1281903247015196,95
human_split_half | seed=095,gut_diff,0.30786267995570327,-0.37536461009125444,0.991089970002661,unresolved,0.4144051092590361,397.6896463886302,0.9487202053351687,0.16225156701861324,95
human_split_half | seed=096,bjw_score,-0.3200442967884847,-2.1479156845131895,1.5078270909362201,pass,1.1056743937861295,184.08331444904306,2.533348997445307,-0.06316624695437253,96
human_split_half | seed=096,gut_diff,-0.49224806201550375,-1.1714561769661618,0.18696005293515428,unresolved,0.4089580739747265,96.331272236962,0.9487202053351687,-0.25942741561069627,96
human_split_half | seed=097,bjw_score,-0.1788482834994447,-2.0084340630056734,1.650737496006784,pass,1.1090409121576474,315.2879451808495,2.533348997445307,-0.03529878506273708,97
human_split_half | seed=097,gut_diff,0.30786267995570327,-0.3752410903850759,0.9909664502964824,unresolved,0.41420952808779643,353.5886157091484,0.9487202053351687,0.16225156701861324,97
human_split_half | seed=098,bjw_score,0.4330011074197131,-1.3940760365673566,2.2600782514067825,pass,1.1050541679840402,179.5923612725669,2.533348997445307,0.0854602164676802,98
human_split_half | seed=098,gut_diff,-0.021594684385382035,-0.7068594802767647,0.6636701115060006,pass,0.41538963582974275,315.8911029125819,0.9487202053351687,-0.011380955240514223,98
human_split_half | seed=099,bjw_score,1.421373200442968,-0.3891045465542893,3.2318509474402255,unresolved,1.0922972445695822,121.4638597075925,2.533348997445307,0.2805324497091235,99
human_split_half | seed=099,gut_diff,0.5431893687707642,-0.1345359506000987,1.220914688141627,unresolved,0.4099091927488183,180.1736293050642,0.9487202053351687,0.2862747972037043,99
human_split_half | seed=100,bjw_score,-0.9318936877076425,-2.753750395101803,0.889963019686518,unresolved,1.1041285027565846,294.70742785287104,2.533348997445307,-0.1839252484847898,100
human_split_half | seed=100,gut_diff,-0.25692137320044295,-0.9405718970441113,0.42672915064322536,pass,0.4143665634649717,304.75448793135405,0.9487202053351687,-0.13540418542560526,100
human_split_half | seed=101,bjw_score,1.5155038759689923,-0.29241952950810757,3.323427281446092,unresolved,1.0932737662099254,173.59678694366585,2.533348997445307,0.29911075763688,101
human_split_half | seed=101,gut_diff,0.16666666666666674,-0.5176288130657329,0.8509621463990664,pass,0.4142551015528869,218.11143117609834,0.9487202053351687,0.08783762890755863,101
human_split_half | seed=102,bjw_score,-0.6024363233665575,-2.4278379609624983,1.222965314229383,pass,1.1033088082924263,159.2324460586674,2.533348997445307,-0.11890117073764205,102
human_split_half | seed=102,gut_diff,-0.3039867109634551,-0.9866262871283468,0.3786528652014366,unresolved,0.4129098149255062,182.5976012056266,0.9487202053351687,-0.16020883146262344,102
human_split_half | seed=103,bjw_score,-0.8377630121816182,-2.660287558107402,0.9847615337441655,unresolved,1.1027178803239654,193.7340412738298,2.533348997445307,-0.1653469405570333,103
human_split_half | seed=103,gut_diff,0.025470653377630326,-0.6594821521909338,0.7104234589461944,pass,0.4127397151948489,104.77396919780269,0.9487202053351687,0.013423690796504078,103
human_split_half | seed=104,bjw_score,-0.03765227021041184,-1.8664106882165534,1.7911061477957297,pass,1.1060930524163726,180.28439273298247,2.533348997445307,-0.0074313231711030225,104
human_split_half | seed=104,gut_diff,-0.021594684385382035,-0.7068951906277862,0.6637058218570221,pass,0.4154546545996637,327.5169151692819,0.9487202053351687,-0.011380955240514223,104
human_split_half | seed=105,bjw_score,-0.08471760797342043,-1.9133110082375293,1.7438757922906885,pass,1.104421856603982,141.39195860065055,2.533348997445307,-0.016720477134980573,105
human_split_half | seed=105,gut_diff,-0.16279069767441867,-0.8470314513893175,0.5214500560404801,pass,0.41271094319649293,117.56878000012986,0.9487202053351687,-0.0857948933515689,105
human_split_half | seed=106,bjw_score,2.456810631229235,0.6832724872700975,4.230348775188372,unresolved,1.0725865382761677,176.85368414012802,2.533348997445307,0.48489383691444504,106
human_split_half | seed=106,gut_diff,0.025470653377630326,-0.6594198086957055,0.7103611154509661,pass,0.4144376971474403,198.2083556595945,0.9487202053351687,0.013423690796504078,106
human_split_half | seed=107,bjw_score,0.5271317829457374,-1.2991339214218236,2.3533974873132983,pass,1.1018238137777552,121.48366255888942,2.533348997445307,0.1040385243954367,107
human_split_half | seed=107,gut_diff,-0.49224806201550375,-1.1713607044653926,0.18686458043438525,unresolved,0.40922217457532295,104.8208326931854,0.9487202053351687,-0.25942741561069627,107
human_split_half | seed=108,bjw_score,-0.9318936877076425,-2.752846001039331,0.889058625624046,unresolved,1.1014833359762939,183.89423035989216,2.533348997445307,-0.1839252484847898,108
human_split_half | seed=108,gut_diff,-0.35105204872646734,-1.0329565615452316,0.33085246409229707,unresolved,0.4113173395901896,118.1306603156372,0.9487202053351687,-0.1850134774996417,108
human_split_half | seed=109,bjw_score,-1.7320044296788453,-3.533516365834627,0.0695075064769366,unresolved,1.0894426257585166,174.97248076391858,2.533348997445307,-0.3418408658707194,109
human_split_half | seed=109,gut_diff,0.40199335548172765,-0.27894026119807824,1.0829269721615336,unresolved,0.4116535397436464,164.97303020663105,0.9487202053351687,0.21186085909264968,109
human_split_half | seed=110,bjw_score,0.38593576965670096,-1.4414057054671907,2.213277244780593,pass,1.1032072496640457,133.0140506516808,2.533348997445307,0.07617106250380194,110
human_split_half | seed=110,gut_diff,-0.3981173864894796,-1.0791198241762283,0.28288505119726914,unresolved,0.41116718746175085,134.44358216404015,0.9487202053351687,-0.20981812353665993,110
human_split_half | seed=111,bjw_score,-0.3200442967884847,-2.1484633074512276,1.5083747138742585,pass,1.1075294222186836,252.9943005543777,2.533348997445307,-0.06316624695437253,111
human_split_half | seed=111,gut_diff,-0.20985603543743092,-0.8941209594264541,0.47440888855159224,pass,0.4148434507817871,332.2047074917349,0.9487202053351687,-0.11059953938858713,111
human_split_half | seed=112,bjw_score,-2.767441860465116,-4.525906291633422,-1.0089774292968097,unresolved,1.0638062318014154,188.13666843121177,2.533348997445307,-0.5462022530760416,112
human_split_half | seed=112,gut_diff,0.30786267995570327,-0.37473066438835245,0.990456024299759,unresolved,0.41172412505930706,117.81534591259116,0.9487202053351687,0.16225156701861324,112
human_split_half | seed=113,bjw_score,0.24473975636766454,-1.5833913158083797,2.0728708285437087,pass,1.104909290248126,158.02903280219408,2.533348997445307,0.048303600612167194,113
human_split_half | seed=113,gut_diff,0.4490586932447398,-0.23169077158345364,1.129808158072933,unresolved,0.4129950693774073,440.0782556718568,0.9487202053351687,0.23666550512966786,113
human_split_half | seed=114,bjw_score,0.6683277962347738,-1.1564402714665525,2.4930958639361,pass,1.1007601838574854,119.22773452353736,2.533348997445307,0.13190598628707145,114
human_split_half | seed=114,gut_diff,0.07253599114064224,-0.6121738745243616,0.757245856805646,pass,0.41328829144667434,129.1608993436353,0.9487202053351687,0.03822833683352215,114
human_split_half | seed=115,bjw_score,-0.2259136212624604,-2.0544182831101625,1.6025910405852417,pass,1.1021919255333383,108.86418038139246,2.533348997445307,-0.04458793902661603,115
human_split_half | seed=115,gut_diff,-0.6334440753045405,-1.3091110708711673,0.04222292026208618,unresolved,0.40599358754755277,79.5669101229812,0.9487202053351687,-0.33384135372175094,115
human_split_half | seed=116,bjw_score,-0.272978959025469,-2.1010680630277365,1.5551101449767986,pass,1.1029920027172722,122.46759932660585,2.533348997445307,-0.053877092990493584,116
human_split_half | seed=116,gut_diff,-0.16279069767441867,-0.8472933224628268,0.5217119271139895,pass,0.4119248438113731,91.28784094721202,0.9487202053351687,-0.0857948933515689,116
human_split_half | seed=117,bjw_score,-0.41417497231450895,-2.2413440051727873,1.4129940605437692,pass,1.1047793795105152,169.80277195725577,2.533348997445307,-0.08174455488212903,117
human_split_half | seed=117,gut_diff,-0.20985603543743092,-0.8942914724501799,0.4745794015753181,pass,0.411049755113036,76.22217811903803,0.9487202053351687,-0.11059953938858713,117
human_split_half | seed=118,bjw_score,-1.5908084163898124,-3.397170694548035,0.21555386176841052,unresolved,1.087631200392121,96.35140921504096,2.533348997445307,-0.31397340397908535,118
human_split_half | seed=118,gut_diff,-0.35105204872646734,-1.0331063054257705,0.33100220797283597,unresolved,0.4107916625948912,99.31734840954509,0.9487202053351687,-0.1850134774996417,118
human_split_half | seed=119,bjw_score,-1.0260243632336667,-2.8451970345897073,0.7931483081223738,unresolved,1.0996346194048272,161.5095427591228,2.533348997445307,-0.20250355641254633,119
human_split_half | seed=119,gut_diff,-0.25692137320044295,-0.9403126325238148,0.4264698861229289,pass,0.4117509319569152,103.42752569681602,0.9487202053351687,-0.13540418542560526,119
human_split_half | seed=120,bjw_score,0.5271317829457374,-1.2992613965757072,2.3535249624671817,pass,1.1012107903411446,112.33106277405618,2.533348997445307,0.1040385243954367,120
human_split_half | seed=120,gut_diff,-0.16279069767441867,-0.8469739820504705,0.5213925867016331,pass,0.41316881047636655,138.35991410147952,0.9487202053351687,-0.0857948933515689,120
human_split_half | seed=121,bjw_score,-2.6733111849390916,-4.436693181579047,-0.9099291882991358,unresolved,1.0672407483586983,206.0768291903459,2.533348997445307,-0.5276239451482851,121
human_split_half | seed=121,gut_diff,-0.3039867109634551,-0.9868644321231349,0.37889101019622473,unresolved,0.41369404267759335,262.3264580301715,0.9487202053351687,-0.16020883146262344,121
human_split_half | seed=122,bjw_score,-0.08471760797342043,-1.9133075923954084,1.7438723764485675,pass,1.1047641938337884,148.40889019626343,2.533348997445307,-0.016720477134980573,122
human_split_half | seed=122,gut_diff,-0.25692137320044295,-0.9405329659425765,0.4266902195416906,pass,0.41122580923053914,87.89472107885425,0.9487202053351687,-0.13540418542560526,122
human_split_half | seed=123,bjw_score,-0.03765227021041184,-1.8662946506705547,1.790990110249731,pass,1.1045780059509946,143.8921163201533,2.533348997445307,-0.0074313231711030225,123
human_split_half | seed=123,gut_diff,-0.35105204872646734,-1.0330392279497258,0.33093513049679124,unresolved,0.4109888702614143,105.8184318137662,0.9487202053351687,-0.1850134774996417,123
human_split_half | seed=124,bjw_score,-1.0260243632336667,-2.845173564814826,0.7931248383474923,unresolved,1.0987254154994759,141.54048410666402,2.533348997445307,-0.20250355641254633,124
human_split_half | seed=124,gut_diff,-0.3981173864894796,-1.0792832633478724,0.2830484903689132,unresolved,0.4103781309476565,102.54337664261689,0.9487202053351687,-0.20981812353665993,124
human_split_half | seed=125,bjw_score,-0.5083056478405332,-2.3347065478453093,1.318095252164243,pass,1.1021951414229612,125.7881016570883,2.533348997445307,-0.10032286280988555,125
human_split_half | seed=125,gut_diff,-0.539313399778516,-1.2173843357314138,0.1387575361743818,unresolved,0.4081480654086278,93.37993689310545,0.9487202053351687,-0.2842320616477145,125
human_split_half | seed=126,bjw_score,-0.5553709856035418,-2.3819581346834555,1.271216163476372,pass,1.1064687223472993,256.0746356025779,2.533348997445307,-0.1096120167737631,126
human_split_half | seed=126,gut_diff,0.7785160575858251,0.10667160992230018,1.45036050524935,unresolved,0.4081049707787905,1089.0349022164294,0.9487202053351687,0.41029802738879534,126
human_split_half | seed=127,bjw_score,0.1976744186046524,-1.6306755239234574,2.0260243611327624,pass,1.105387017733165,166.8753690664675,2.533348997445307,0.03901444664828894,127
human_split_half | seed=127,gut_diff,-0.25692137320044295,-0.9401811387241402,0.4263383923232543,pass,0.4131915783145857,174.85100143860723,0.9487202053351687,-0.13540418542560526,127
human_split_half | seed=128,bjw_score,0.1506090808416367,-1.678232848125877,1.9794510098091505,pass,1.1071341635475487,218.09824151385754,2.533348997445307,0.029725292684409987,128
human_split_half | seed=128,gut_diff,0.11960132890365438,-0.5648981762474444,0.8041008340547532,pass,0.4139021440602433,171.80059342839286,0.9487202053351687,0.06303298287054034,128
human_split_half | seed=129,bjw_score,-1.637873754152821,-3.4424511256173087,0.16670361731166672,unresolved,1.0920424426715214,200.755689194628,2.533348997445307,-0.3232625579429629,129
human_split_half | seed=129,gut_diff,0.40199335548172765,-0.2802873726463172,1.0842740836097726,unresolved,0.41426978617062576,728.5423085076376,0.9487202053351687,0.21186085909264968,129
human_split_half | seed=130,bjw_score,-0.08471760797342043,-1.9134882001158724,1.7440529841690315,pass,1.1064010555486246,190.29815679382693,2.533348997445307,-0.016720477134980573,130
human_split_half | seed=130,gut_diff,0.16666666666666674,-0.5177196520342898,0.8510529853676233,pass,0.4145158272703599,246.8478299938401,0.9487202053351687,0.08783762890755863,130
human_split_half | seed=131,bjw_score,-1.3084163898117396,-3.1217598040890167,0.5049270244655373,unresolved,1.0970595974421504,190.01283537768114,2.533348997445307,-0.25823848019581586,131
human_split_half | seed=131,gut_diff,0.025470653377630326,-0.6593441099359445,0.7102854166912052,pass,0.41398123327097397,163.6691447819789,0.9487202053351687,0.013423690796504078,131
human_split_half | seed=132,bjw_score,0.8565891472868188,-0.9673054990697565,2.6804837936433943,unresolved,1.1062756055491443,399.1425132524358,2.533348997445307,0.16906260214258376,132
human_split_half | seed=132,gut_diff,0.30786267995570327,-0.37499919682033933,0.9907245567317459,unresolved,0.4137528124888073,275.15767972016687,0.9487202053351687,0.16225156701861324,132
human_split_half | seed=133,bjw_score,0.6212624584717616,-1.203985144081684,2.446510061025207,pass,1.1037116701427048,172.48261321555123,2.533348997445307,0.1226168323231932,133
human_split_half | seed=133,gut_diff,-0.20985603543743092,-0.8939820335665928,0.47426996269173094,pass,0.411575102464378,88.70109534857576,0.9487202053351687,-0.11059953938858713,133
human_split_half | seed=134,bjw_score,0.9507198228128431,-0.8705021621847733,2.7719418078104594,unresolved,1.103249708387828,258.0701713152335,2.533348997445307,0.18764091007034028,134
human_split_half | seed=134,gut_diff,-0.3039867109634551,-0.9866153279357605,0.3786419060088503,unresolved,0.41284439536955836,177.6377220081444,0.9487202053351687,-0.16020883146262344,134
human_split_half | seed=135,bjw_score,1.5625692137320044,-0.24396192957609109,3.3691003570401,unresolved,1.091685786554498,153.99507860701596,2.533348997445307,0.30839991160075825,135
human_split_half | seed=135,gut_diff,0.3549280177187154,-0.3268758879677437,1.0367319234051746,unresolved,0.4114915891652945,127.33317899646197,0.9487202053351687,0.18705621305563142,135
human_split_half | seed=136,bjw_score,-0.46124031007751753,-2.2879884087816036,1.3655077886265687,pass,1.103989545558053,156.01883916717435,2.533348997445307,-0.09103370884600659,136
human_split_half | seed=136,gut_diff,-0.3981173864894796,-1.079111303245382,0.2828765302664229,unresolved,0.41142987001461717,148.37260152864275,0.9487202053351687,-0.20981812353665993,136
human_split_half | seed=137,bjw_score,0.2918050941306767,-1.5363463052471287,2.1199564935084823,pass,1.1063375753008973,201.90825204284366,2.533348997445307,0.05759275457604544,137
human_split_half | seed=137,gut_diff,0.11960132890365438,-0.5651510202831698,0.8043536780904785,pass,0.4148147435787452,259.68275204473713,0.9487202053351687,0.06303298287054034,137
human_split_half | seed=138,bjw_score,0.5271317829457374,-1.29937182939161,2.3536353952830846,pass,1.1056169725725487,213.49797867190915,2.533348997445307,0.1040385243954367,138
human_split_half | seed=138,gut_diff,0.3549280177187154,-0.3271936937116947,1.0370497291491256,unresolved,0.41332541806553236,279.37544256323173,0.9487202053351687,0.18705621305563142,138
human_split_half | seed=139,bjw_score,-1.9673311184939095,-3.76091194608796,-0.17375029089985872,unresolved,1.0819850014782375,119.7646968844973,2.533348997445307,-0.38828663569011135,139
human_split_half | seed=139,gut_diff,-0.3981173864894796,-1.079384466809603,0.28314969383064403,unresolved,0.4101147747461114,94.36441327452407,0.9487202053351687,-0.20981812353665993,139
human_split_half | seed=140,bjw_score,-0.9318936877076425,-2.7530003252853605,0.8892129498700758,unresolved,1.1021697295329485,205.77315649136716,2.533348997445307,-0.1839252484847898,140
human_split_half | seed=140,gut_diff,0.025470653377630326,-0.6595619612146865,0.7105032679699471,pass,0.41489365882499374,244.71634606135999,0.9487202053351687,0.013423690796504078,140
human_split_half | seed=141,bjw_score,-0.13178294573643612,-1.9607627230245288,1.6971968315516566,pass,1.1074411850010135,228.93478877989654,2.533348997445307,-0.026009631098859527,141
human_split_half | seed=141,gut_diff,-0.3039867109634551,-0.9868930737148561,0.37891965178794595,unresolved,0.41375932789568626,271.19233712337405,0.9487202053351687,-0.16020883146262344,141
human_split_half | seed=142,bjw_score,-1.9202657807308974,-3.715403775908654,-0.12512778555314052,unresolved,1.0848752010508524,155.75742220457752,2.533348997445307,-0.3789974817262331,142
human_split_half | seed=142,gut_diff,-0.6334440753045405,-1.3085451464901627,0.04165699588108174,unresolved,0.4076534128076463,136.82767265767623,0.9487202053351687,-0.33384135372175094,142
human_split_half | seed=143,bjw_score,0.1976744186046524,-1.6311409885835482,2.026489825792853,pass,1.1074132734869415,232.6376691051502,2.533348997445307,0.03901444664828894,143
human_split_half | seed=143,gut_diff,-0.11572535991140653,-0.8007585314248233,0.5693078116020103,pass,0.4153428275357521,342.1073331644527,0.9487202053351687,-0.06099024731455071,143
human_split_half | seed=144,bjw_score,1.6096345514950166,-0.1960048081621406,3.4152739111521737,unresolved,1.0933121512291641,229.11590839411105,2.533348997445307,0.3176890655646365,144
human_split_half | seed=144,gut_diff,0.5902547065337763,-0.0865431942617303,1.267052607329283,unresolved,0.41020647098021096,303.1409373676562,0.9487202053351687,0.31107944324072245,144
human_split_half | seed=145,bjw_score,-0.03765227021041184,-1.8663766001086586,1.791072059687835,pass,1.1058732550974961,174.21078150968427,2.533348997445307,-0.0074313231711030225,145
human_split_half | seed=145,gut_diff,-0.49224806201550375,-1.171291074429813,0.18679495039880556,unresolved,0.4108689572213322,195.13814903884517,0.9487202053351687,-0.25942741561069627,145
human_split_half | seed=146,bjw_score,1.797895902547065,-0.0032452070400992294,3.5990370121342297,unresolved,1.092477883095016,399.66763622899475,2.533348997445307,0.3548456814201495,146
human_split_half | seed=146,gut_diff,0.5431893687707642,-0.13460881546019177,1.22098755300172,unresolved,0.4102385265534987,208.20505314523413,0.9487202053351687,0.2862747972037043,146
human_split_half | seed=147,bjw_score,1.3743078626799559,-0.4381933285460615,3.1868090539059732,unresolved,1.0983207485322177,283.42543862173255,2.533348997445307,0.27124329574524525,147
human_split_half | seed=147,gut_diff,-0.3039867109634551,-0.9867633205134209,0.3787898985865107,unresolved,0.41343279871327604,230.83500759134708,0.9487202053351687,-0.16020883146262344,147
human_split_half | seed=148,bjw_score,2.080287929125138,0.29002951558407264,3.870546342666203,unresolved,1.0849658283298127,293.6207058121799,2.533348997445307,0.41058060520341905,148
human_split_half | seed=148,gut_diff,0.5431893687707642,-0.13496043233082855,1.221339169872357,unresolved,0.41109355970102457,320.35501114234233,0.9487202053351687,0.2862747972037043,148
human_split_half | seed=149,bjw_score,-0.08471760797342043,-1.9136954805220499,1.744260264575209,pass,1.1072063815536723,217.63383707041154,2.533348997445307,-0.016720477134980573,149
human_split_half | seed=149,gut_diff,-0.20985603543743092,-0.8936165393217183,0.4739044684468564,pass,0.41321250805433296,155.01210742312335,0.9487202053351687,-0.11059953938858713,149
human_split_half | seed=150,bjw_score,-0.8848283499446303,-2.706608528149546,0.9369518282602853,unresolved,1.1022231748988114,192.12609172906562,2.533348997445307,-0.17463609452091156,150
human_split_half | seed=150,gut_diff,0.16666666666666674,-0.5177457158788001,0.8510790492121336,pass,0.41458098307977226,254.90667040348947,0.9487202053351687,0.08783762890755863,150
human_split_half | seed=151,bjw_score,1.091915836101883,-0.7264985129472648,2.9103301851510306,unresolved,1.1011652378398014,235.31978288074384,2.533348997445307,0.21550837196197573,151
human_split_half | seed=151,gut_diff,0.025470653377630326,-0.6593508161422292,0.7102921228974899,pass,0.414046473205987,168.0317791762551,0.9487202053351687,0.013423690796504078,151
human_split_half | seed=152,bjw_score,0.24473975636766454,-1.5834201956968557,2.0728997084321845,pass,1.1052514765017285,166.3180420439094,2.533348997445307,0.048303600612167194,152
human_split_half | seed=152,gut_diff,0.025470653377630326,-0.6595876346037242,0.7105289413589848,pass,0.41495875530822324,252.65606526298143,0.9487202053351687,0.013423690796504078,152
human_split_half | seed=153,bjw_score,-1.0730897009966789,-2.892852935776512,0.746673533783154,unresolved,1.1034317086055645,352.71394110937933,2.533348997445307,-0.21179271037642458,153
human_split_half | seed=153,gut_diff,-0.06866002214839417,-0.753917669867935,0.6165976255711466,pass,0.41549589808203197,347.3314566493901,0.9487202053351687,-0.036185601277532405,153
human_split_half | seed=154,bjw_score,0.8565891472868188,-0.9654636689026035,2.678641963476241,unresolved,1.1001302543424016,135.04247067144868,2.533348997445307,0.16906260214258376,154
human_split_half | seed=154,gut_diff,0.11960132890365438,-0.5648903210807674,0.8040929788880762,pass,0.4138368813722465,167.28942452473026,0.9487202053351687,0.06303298287054034,154
human_split_half | seed=155,bjw_score,-0.272978959025469,-2.101026598095755,1.5550686800448175,pass,1.1053403654708247,170.63987014683767,2.533348997445307,-0.053877092990493584,155
human_split_half | seed=155,gut_diff,-0.8687707641196013,-1.5353563192161244,-0.20218520902307835,unresolved,0.40158026050791684,102.15979938667226,0.9487202053351687,-0.4578645839068419,155
human_split_half | seed=156,bjw_score,2.221483942414178,0.43782308002628767,4.005144804802068,unresolved,1.076963847317157,135.29932912137872,2.533348997445307,0.43844806709505446,156
human_split_half | seed=156,gut_diff,0.21373200442967888,-0.47028864413376303,0.8977526529931208,pass,0.414413012869347,267.16055500712395,0.9487202053351687,0.11264227494457682,156
human_split_half | seed=157,bjw_score,-0.08471760797342043,-1.9133102883636761,1.7438750724168353,pass,1.1044463127822675,141.8767735784245,2.533348997445307,-0.016720477134980573,157
human_split_half | seed=157,gut_diff,0.2607973421926909,-0.42241030719803563,0.9440049915834174,pass,0.4131357695416915,172.94202254099997,0.9487202053351687,0.13744692098159494,157
human_split_half | seed=158,bjw_score,-0.7436323366555904,-2.5673833487216635,1.080118675410483,unresolved,1.1005214646563661,124.65052536502272,2.533348997445307,-0.1467686326292761,158
human_split_half | seed=158,gut_diff,0.4490586932447398,-0.23089668534136054,1.1290140718308401,unresolved,0.41056810616625583,136.02412397973495,0.9487202053351687,0.23666550512966786,158
human_split_half | seed=159,bjw_score,-0.6965669988925818,-2.5213430759332995,1.1282090781481362,pass,1.1049359283871234,230.99658594401438,2.533348997445307,-0.13747947866539856,159
human_split_half | seed=159,gut_diff,-0.06866002214839417,-0.7538798710263517,0.6165598267295633,pass,0.41543088576709697,334.6535215020306,0.9487202053351687,-0.036185601277532405,159
human_split_half | seed=160,bjw_score,0.2918050941306767,-1.5362125051610567,2.1198226934224103,pass,1.1027918488216772,120.22231827059365,2.533348997445307,0.05759275457604544,160
human_split_half | seed=160,gut_diff,-0.6334440753045405,-1.3086585800644803,0.04177042945539944,unresolved,0.40699029501466705,108.31606506031504,0.9487202053351687,-0.33384135372175094,160
human_split_half | seed=161,bjw_score,-0.2259136212624604,-2.054281618800688,1.6024543762757673,pass,1.102755417854457,116.84194130045239,2.533348997445307,-0.04458793902661603,161
human_split_half | seed=161,gut_diff,-0.3981173864894796,-1.0794134707364562,0.28317869775749716,unresolved,0.4100489092672899,92.46960303565125,0.9487202053351687,-0.20981812353665993,161
human_split_half | seed=162,bjw_score,-2.532115171650055,-4.302078927822119,-0.7621514154779905,unresolved,1.0687914580539124,137.12017844111057,2.533348997445307,-0.4997564832566504,162
human_split_half | seed=162,gut_diff,-0.11572535991140653,-0.8002212051815772,0.5687704853587642,pass,0.4135832583578371,150.55470577439388,0.9487202053351687,-0.06099024731455071,162
human_split_half | seed=163,bjw_score,0.8095238095238102,-1.014418405237472,2.6334660242850925,unresolved,1.105601510944657,313.5137227464903,2.533348997445307,0.15977344817870623,163
human_split_half | seed=163,gut_diff,0.2607973421926909,-0.4236600228113384,0.9452547071967202,pass,0.4155477368533117,673.0010860605238,0.9487202053351687,0.13744692098159494,163
human_split_half | seed=164,bjw_score,-0.7906976744186061,-2.614011948883236,1.032616600046024,unresolved,1.103530878243299,206.81094667204746,2.533348997445307,-0.15605778659315506,164
human_split_half | seed=164,gut_diff,0.07253599114064224,-0.6121963800181622,0.7572683622994467,pass,0.41413702805446584,179.31529765639766,0.9487202053351687,0.03822833683352215,164
human_split_half | seed=165,bjw_score,1.091915836101883,-0.7264985129472641,2.91033018515103,unresolved,1.1011652378398014,235.3197828807438,2.533348997445307,0.21550837196197573,165
human_split_half | seed=165,gut_diff,0.6373200442967883,-0.037987156071787376,1.312627244665364,unresolved,0.4091862107673079,277.33496042780695,0.9487202053351687,0.3358840892777406,165
human_split_half | seed=166,bjw_score,0.009413067552603849,-1.819353654269423,1.8381797893746308,pass,1.1060783174634379,179.66308753270934,2.533348997445307,0.0018578307927759308,166
human_split_half | seed=166,gut_diff,0.16666666666666674,-0.5175037117006251,0.8508370450339586,pass,0.4136678678586924,169.14162245421363,0.9487202053351687,0.08783762890755863,166
human_split_half | seed=167,bjw_score,-0.1788482834994447,-2.0072200118883954,1.6495234448895058,pass,1.1042326346874713,140.3257644980102,2.533348997445307,-0.03529878506273708,167
human_split_half | seed=167,gut_diff,-0.20985603543743092,-0.8937672588099702,0.47405518793510837,pass,0.4120997801002079,104.42468559378453,0.9487202053351687,-0.11059953938858713,167
human_split_half | seed=168,bjw_score,-1.0260243632336667,-2.8458872858712976,0.7938385594039643,unresolved,1.1024067351610427,256.79722005902534,2.533348997445307,-0.20250355641254633,168
human_split_half | seed=168,gut_diff,-0.11572535991140653,-0.8002761261270754,0.5688254063042624,pass,0.41292966332813863,118.71746295000553,0.9487202053351687,-0.06099024731455071,168
human_split_half | seed=169,bjw_score,1.421373200442968,-0.38969256651700745,3.2324389674029437,unresolved,1.0970593520543432,255.61402539703047,2.533348997445307,0.2805324497091235,169
human_split_half | seed=169,gut_diff,0.40199335548172765,-0.2793801423169888,1.0833668532804441,unresolved,0.41302913545223957,315.450452292561,0.9487202053351687,0.21186085909264968,169
human_split_half | seed=170,bjw_score,0.056478405315612434,-1.772148817983021,1.8851056286142458,pass,1.1045243190912948,143.0024321602952,2.533348997445307,0.011146984756653482,170
human_split_half | seed=170,gut_diff,0.40199335548172765,-0.27909546836896404,1.0830821793324192,unresolved,0.4123746621639464,225.91998936585662,0.9487202053351687,0.21186085909264968,170
human_split_half | seed=171,bjw_score,0.5271317829457374,-1.2990543774995156,2.3533179433909903,pass,1.103978948304087,164.21415440845445,2.533348997445307,0.1040385243954367,171
human_split_half | seed=171,gut_diff,-0.16279069767441867,-0.8470009590267283,0.521419563677891,pass,0.41375675246972304,174.09075506316415,0.9487202053351687,-0.0857948933515689,171
human_split_half | seed=172,bjw_score,0.056478405315612434,-1.772439937928041,1.885396748559266,pass,1.1068938329482034,205.62137309210934,2.533348997445307,0.011146984756653482,172
human_split_half | seed=172,gut_diff,0.30786267995570327,-0.3749991968203392,0.9907245567317458,unresolved,0.4137528124888073,275.1576797201666,0.9487202053351687,0.16225156701861324,172
human_split_half | seed=173,bjw_score,-0.1788482834994447,-2.007217510851172,1.6495209438522827,pass,1.1047706377033855,151.4607980900846,2.533348997445307,-0.03529878506273708,173
human_split_half | seed=173,gut_diff,0.2607973421926909,-0.422412487760471,0.9440071721458528,pass,0.41228497173184886,125.05148154787157,0.9487202053351687,0.13744692098159494,173
human_split_half | seed=174,bjw_score,-1.4966777408637881,-3.3062186978185535,0.31286321609097745,unresolved,1.0968565338938336,312.02547373241043,2.533348997445307,-0.29539509605132885,174
human_split_half | seed=174,gut_diff,-0.16279069767441867,-0.847034798663466,0.5214534033146286,pass,0.41395254756502026,189.0653020785548,0.9487202053351687,-0.0857948933515689,174
human_split_half | seed=175,bjw_score,2.9745293466223686,1.227363550175881,4.721695143068856,unresolved,1.0562345064334415,164.91610141217282,2.533348997445307,0.5870745305171058,175
human_split_half | seed=175,gut_diff,0.16666666666666674,-0.5180020870357926,0.8513354203691261,pass,0.4151018613803928,336.1384052766046,0.9487202053351687,0.08783762890755863,175
human_split_half | seed=176,bjw_score,1.5155038759689923,-0.29264920505594794,3.3236569569939327,unresolved,1.0943849638961671,208.08489883657617,2.533348997445307,0.29911075763688,176
human_split_half | seed=176,gut_diff,-0.3981173864894796,-1.0791155360788027,0.28288076309984356,unresolved,0.41156114841875424,156.1477551477127,0.9487202053351687,-0.20981812353665993,176
human_split_half | seed=177,bjw_score,-0.41417497231450895,-2.2417772319545874,1.4134272873255695,pass,1.106635908236022,230.4109358360049,2.533348997445307,-0.08174455488212903,177
human_split_half | seed=177,gut_diff,-0.5863787375415282,-1.262897474662477,0.09013999957942054,unresolved,0.4090576069839686,170.36127023193572,0.9487202053351687,-0.30903670768473274,177
human_split_half | seed=178,bjw_score,2.8803986710963443,1.1279774646553231,4.632819877537365,unresolved,1.0598796177675942,178.90581543781644,2.533348997445307,0.5684962225893493,178
human_split_half | seed=178,gut_diff,0.6373200442967883,-0.03773547622820306,1.3123755648217799,unresolved,0.4070684216711018,113.96378834205841,0.9487202053351687,0.3358840892777406,178
human_split_half | seed=179,bjw_score,0.5741971207087495,-1.2515826518209068,2.3999768932384056,pass,1.1041876944577529,177.06295770731782,2.533348997445307,0.11332767835931495,179
human_split_half | seed=179,gut_diff,-0.539313399778516,-1.2171863499638347,0.13855955040680257,unresolved,0.4101944392399191,198.53259713625525,0.9487202053351687,-0.2842320616477145,179
human_split_half | seed=180,bjw_score,-0.5083056478405332,-2.3350352476072915,1.3184239519262249,pass,1.1058893350213999,219.6778862409305,2.533348997445307,-0.10032286280988555,180
human_split_half | seed=180,gut_diff,0.16666666666666674,-0.5177196520342898,0.8510529853676233,pass,0.4145158272703599,246.8478299938401,0.9487202053351687,0.08783762890755863,180
human_split_half | seed=181,bjw_score,-0.46124031007751753,-2.288000316577701,1.3655196964226661,pass,1.1029370046969207,134.4181713168549,2.533348997445307,-0.09103370884600659,181
human_split_half | seed=181,gut_diff,-0.9158361018826136,-1.5805277999344134,-0.2511444038308138,unresolved,0.399884335792357,88.72311548849784,0.9487202053351687,-0.4826692299438602,181
human_split_half | seed=182,bjw_score,-1.120155038759691,-2.9387028963905717,0.6983928188711894,unresolved,1.1023753146291002,317.75923089721255,2.533348997445307,-0.22108186434030283,182
human_split_half | seed=182,gut_diff,0.7314507198228128,0.059266895776739825,1.4036345438688858,unresolved,0.4073392548811769,286.9147751199363,0.9487202053351687,0.3854933813517771,182
human_split_half | seed=183,bjw_score,0.1976744186046524,-1.6308990882989154,2.02624792550822,pass,1.1024019054656766,110.83809459981711,2.533348997445307,0.03901444664828894,183
human_split_half | seed=183,gut_diff,-0.35105204872646734,-1.0329242802425478,0.3308201827896131,unresolved,0.4115142953395788,126.55562924271456,0.9487202053351687,-0.1850134774996417,183
human_split_half | seed=184,bjw_score,-1.4496124031007724,-3.2592839563992912,0.36005915019774637,unresolved,1.092341944912328,129.67067275754437,2.533348997445307,-0.2861059420874499,184
human_split_half | seed=184,gut_diff,-0.539313399778516,-1.2171033335857437,0.13847653402871185,unresolved,0.40927153743049116,136.5575100005494,0.9487202053351687,-0.2842320616477145,184
human_split_half | seed=185,bjw_score,-0.3200442967884847,-2.14786338358061,1.507774790003641,pass,1.102959470011031,124.3970705349192,2.533348997445307,-0.06316624695437253,185
human_split_half | seed=185,gut_diff,-0.44518272425249183,-1.1252500511226908,0.23488460261770705,unresolved,0.41036004519747726,123.89569735208153,0.9487202053351687,-0.23462276957367817,185
human_split_half | seed=186,bjw_score,-1.0260243632336667,-2.8461164426604215,0.7940677161930878,unresolved,1.1029211393736997,283.46798184609673,2.533348997445307,-0.20250355641254633,186
human_split_half | seed=186,gut_diff,-0.20985603543743092,-0.8936364013333405,0.4739243304584787,pass,0.4126892451015361,127.53539924596747,0.9487202053351687,-0.11059953938858713,186
human_split_half | seed=187,bjw_score,-0.2259136212624604,-2.0543718161281452,1.6025445736032244,pass,1.106520973396496,201.8186484773616,2.533348997445307,-0.04458793902661603,187
human_split_half | seed=187,gut_diff,-0.06866002214839417,-0.7539567772359281,0.6166367329391398,pass,0.41556090022613273,360.73507821246375,0.9487202053351687,-0.036185601277532405,187
human_split_half | seed=188,bjw_score,1.797895902547065,-0.0014133332518813102,3.5972051383460117,unresolved,1.08655282053991,137.88722576533587,2.533348997445307,0.3548456814201495,188
human_split_half | seed=188,gut_diff,0.2607973421926909,-0.4224942002964793,0.9440888846818611,pass,0.4118917030887781,109.32893506041943,0.9487202053351687,0.13744692098159494,188
human_split_half | seed=189,bjw_score,0.1506090808416367,-1.6783703592679458,1.9795885209512192,pass,1.1075488269814755,234.556581274597,2.533348997445307,0.029725292684409987,189
human_split_half | seed=189,gut_diff,-0.16279069767441867,-0.8469720831325998,0.5213906877837624,pass,0.41343022125322904,152.76085966868047,0.9487202053351687,-0.0857948933515689,189
human_split_half | seed=190,bjw_score,1.0448504983388673,-0.7741628671995442,2.863863863877279,unresolved,1.1006584138446582,196.14388769664518,2.533348997445307,0.20621921799809678,190
human_split_half | seed=190,gut_diff,-0.11572535991140653,-0.8004451750440799,0.5689944552212668,pass,0.4146920057678926,242.83573464646656,0.9487202053351687,-0.06099024731455071,190
human_split_half | seed=191,bjw_score,-0.8848283499446303,-2.7075716671973717,0.9379149673081113,unresolved,1.1048176761359896,308.13947171110783,2.533348997445307,-0.17463609452091156,191
human_split_half | seed=191,gut_diff,0.11960132890365438,-0.5657594178800538,0.8049620756873626,pass,0.41585526216515883,473.9198717701063,0.9487202053351687,0.06303298287054034,191
human_split_half | seed=192,bjw_score,-0.6024363233665575,-2.4284243066492692,1.223551659916154,pass,1.1059007625796116,243.63779448862343,2.533348997445307,-0.11890117073764205,192
human_split_half | seed=192,gut_diff,-0.25692137320044295,-0.9401589848804937,0.42631623847960776,pass,0.41299542245504334,161.4445407669018,0.9487202053351687,-0.13540418542560526,192
human_split_half | seed=193,bjw_score,0.2918050941306767,-1.5360970125853237,2.119707200846677,pass,1.1047495189988983,157.5119661770649,2.533348997445307,0.05759275457604544,193
human_split_half | seed=193,gut_diff,-0.7275747508305647,-1.3997434078608102,-0.055406093800319134,unresolved,0.4048326849772508,99.18671722886312,0.9487202053351687,-0.3834506457957873,193
human_split_half | seed=194,bjw_score,-1.2142857142857153,-3.0296598914289805,0.6010884628575499,unresolved,1.0975812223823214,167.94754713644693,2.533348997445307,-0.23966017226805933,194
human_split_half | seed=194,gut_diff,-0.021594684385382035,-0.7064831441336542,0.6632937753628901,pass,0.41441313015923253,195.85792404306295,0.9487202053351687,-0.011380955240514223,194
human_split_half | seed=195,bjw_score,-0.7906976744186061,-2.613879116027216,1.0324837671900038,unresolved,1.1029677820951784,188.48690667365082,2.533348997445307,-0.15605778659315506,195
human_split_half | seed=195,gut_diff,-0.11572535991140653,-0.8002319809403763,0.5687812611175632,pass,0.41377913554837936,162.5772115578,0.9487202053351687,-0.06099024731455071,195
human_split_half | seed=196,bjw_score,-0.5083056478405332,-2.3347608115762326,1.3181495158951662,pass,1.1018520060079517,120.26069854396643,2.533348997445307,-0.10032286280988555,196
human_split_half | seed=196,gut_diff,-0.3039867109634551,-0.9867294832751073,0.37875606134819717,unresolved,0.41140253325100706,104.61840795757908,0.9487202053351687,-0.16020883146262344,196
human_split_half | seed=197,bjw_score,-0.08471760797342043,-1.913849815208369,1.744414599261528,pass,1.1076697884995366,236.0859535813718,2.533348997445307,-0.016720477134980573,197
human_split_half | seed=197,gut_diff,0.4961240310077518,-0.18312982638568465,1.1753778884011883,unresolved,0.4116515415271667,293.0442683165596,0.9487202053351687,0.261470151166686,197
human_split_half | seed=198,bjw_score,-0.13178294573643612,-1.9607142331630927,1.6971483416902204,pass,1.1072948367051532,223.13330739198364,2.533348997445307,-0.026009631098859527,198
human_split_half | seed=198,gut_diff,0.3549280177187154,-0.3276558620663198,1.0375118975037507,unresolved,0.41410885876078735,440.52804953786017,0.9487202053351687,0.18705621305563142,198
human_split_half | seed=199,bjw_score,1.3743078626799559,-0.4373258407203011,3.1859415660802126,unresolved,1.0954889831367645,172.76068393159778,2.533348997445307,0.27124329574524525,199
human_split_half | seed=199,gut_diff,-0.11572535991140653,-0.8006173084344631,0.56916658861165,pass,0.41508262128202283,296.2399119080984,0.9487202053351687,-0.06099024731455071,199
