family,contrast,n_questions,ratio,ci_lo,ci_hi,ci_unbounded,ci_split,reading,pop_ci_lo,pop_ci_hi,k_rel_halfwidth,k_max,no_population_gap,stop_population,verdict,df_rule,g,se_g,df_g,gamma,se_gamma,df_gamma,cov,family_size,alpha_one_sided,interval_level,label,certifiable
base : no training overlap,Republican - Democrat,93,-0.012664945421939303,-0.17854048187116475,0.14723959447157262,False,False,missing,0.14065974978763784,0.21689838724223637,0.21322025583836382,0.25,False,False,missing,single df,-0.002264227145326826,0.011151118462169837,92,0.1787790685149371,0.014961880529895433,92,1.1197030560358919e-05,8,0.00625,0.9875,not kept,False
base : no training overlap,Female - Male,92,0.0485279102442122,-0.35869362967853263,0.5084539342158139,False,False,reversed to attenuated,0.044076517604565456,0.06843549314413787,0.2165011128809921,0.25,False,False,reversed to attenuated,single df,0.0027299863795044567,0.009266154325354645,91,0.056256005374351666,0.004779412751103632,91,-1.1131934229779932e-05,8,0.00625,0.9875,not kept,False
base : no training overlap,Black - White,93,-0.11939008385225379,-0.32380047850369165,0.08967362511383763,False,False,reversed or missing,0.07801756576188756,0.11419316672241617,0.18820801779881244,0.25,False,False,reversed or missing,single df,-0.011474027734302072,0.007754660607472959,92,0.09610536624215187,0.0070994844312495305,92,-9.21093368941302e-06,8,0.00625,0.9875,not kept,True
base : no training overlap,Hispanic - White,93,-0.23719700369350769,-0.4979124788383043,0.015605756793420878,False,False,reversed or missing,0.06715020000880294,0.10311333847223007,0.2112204338301905,0.25,False,False,reversed or missing,single df,-0.020193000582977638,0.008432471552135123,92,0.0851317692405165,0.007057788532623212,92,-7.59508154978917e-06,8,0.00625,0.9875,not kept,False
base : no training overlap,Asian - White,93,-0.27687876066570877,-0.5163101887734582,-0.05919828865123817,False,False,reversed or missing,0.07537784134901085,0.11002981116396557,0.18689611429349978,0.25,False,False,reversed or missing,single df,-0.025667720522865648,0.007902194217092696,92,0.09270382625648821,0.006800470861059746,92,1.0911840187148245e-06,8,0.00625,0.9875,not kept,True
base : no training overlap,Less than high school - College graduate/some postgrad,93,0.07390672356351481,-0.0717823411892722,0.21544061264432487,False,False,missing,0.07185082967534709,0.10673719295969622,0.19534548157040615,0.25,False,False,missing,single df,0.006599427810321436,0.004998109396057239,92,0.08929401131752165,0.0068464707267860345,92,5.918962789444005e-06,8,0.00625,0.9875,not kept,True
base : no training overlap,"Less than $30,000 - $100,000 or more",93,0.04285056269970583,-0.0753800454395453,0.1601171198266093,False,False,missing,0.05021200661426971,0.07627552953098717,0.20605605667570603,0.25,False,False,missing,single df,0.0027100310491618186,0.0028727858100569214,92,0.06324376807262844,0.0051149827579269926,92,1.405511401120497e-06,8,0.00625,0.9875,not kept,False
base : no training overlap,South - Northeast,93,0.20116842125004064,-0.39113146117401243,0.830430231338093,False,False,undetermined,0.03065597885149717,0.049318337035526044,0.23335439605876096,0.25,False,False,undetermined,single df,0.00804415343377225,0.009253256169812128,92,0.039987157943511605,0.003662499526199418,92,-1.606121896812691e-06,8,0.00625,0.9875,unresolved,False
subpop : no training overlap,Republican - Democrat,93,0.8359983605673399,0.7029424868662466,0.9713461013041702,False,False,attenuated or kept,0.14065974978763784,0.21689838724223637,0.21322025583836382,0.25,False,False,attenuated or kept,single df,0.14945900818224356,0.015234526517941065,92,0.1787790685149371,0.014961880529895433,92,0.0001817587948411334,8,0.00625,0.9875,unresolved,False
subpop : no training overlap,Female - Male,92,0.41641914946637854,0.25021317380423097,0.5933262991714499,False,False,attenuated,0.044076517604565456,0.06843549314413787,0.2165011128809921,0.25,False,False,attenuated,single df,0.02342607791036354,0.003943184418509655,91,0.056256005374351666,0.004779412751103632,91,7.0268603657610664e-06,8,0.00625,0.9875,not kept,False
subpop : no training overlap,Black - White,93,0.5591977366780148,0.40116195528230736,0.7148185025981003,False,False,attenuated,0.07801756576188756,0.11419316672241617,0.18820801779881244,0.25,False,False,attenuated,single df,0.053741903285223006,0.007167252968527338,92,0.09610536624215187,0.0070994844312495305,92,2.9842377134615376e-05,8,0.00625,0.9875,not kept,True
subpop : no training overlap,Hispanic - White,93,0.3998697135767191,0.24970944477708648,0.5642339239182863,False,False,missing or attenuated,0.06715020000880294,0.10311333847223007,0.2112204338301905,0.25,False,False,missing or attenuated,single df,0.03404161618248468,0.005313521680297876,92,0.0851317692405165,0.007057788532623212,92,1.234275515728098e-05,8,0.00625,0.9875,not kept,False
subpop : no training overlap,Asian - White,93,0.4310246557764726,0.24285604407426442,0.6349649324556578,False,False,missing or attenuated,0.07537784134901085,0.11002981116396557,0.18689611429349978,0.25,False,False,missing or attenuated,single df,0.03995763480136475,0.006995613100895429,92,0.09270382625648821,0.006800470861059746,92,9.85744341616961e-06,8,0.00625,0.9875,not kept,True
subpop : no training overlap,Less than high school - College graduate/some postgrad,93,0.36938609362150937,0.2216982806852107,0.5217814148677172,False,False,missing or attenuated,0.07185082967534709,0.10673719295969622,0.19534548157040615,0.25,False,False,missing or attenuated,single df,0.03298396602437417,0.005561745245031162,92,0.08929401131752165,0.0068464707267860345,92,1.4533728818349899e-05,8,0.00625,0.9875,not kept,True
subpop : no training overlap,"Less than $30,000 - $100,000 or more",93,0.30409200731225117,0.10435309471902987,0.5056585221732232,False,False,missing or attenuated,0.05021200661426971,0.07627552953098717,0.20605605667570603,0.25,False,False,missing or attenuated,single df,0.019231924383196042,0.005083943806383474,92,0.06324376807262844,0.0051149827579269926,92,7.416802869996132e-06,8,0.00625,0.9875,not kept,False
subpop : no training overlap,South - Northeast,93,0.293065761092453,0.15087740705503636,0.4456485111067318,False,False,missing or attenuated,0.03065597885149717,0.049318337035526044,0.23335439605876096,0.25,False,False,missing or attenuated,single df,0.011718866876639358,0.0023443249409906986,92,0.039987157943511605,0.003662499526199418,92,2.720627239788394e-06,8,0.00625,0.9875,not kept,False
