qkey,key_in_train,stem_in_train,conservative
AUTOWKPLC_W41,False,False,True
BETTERPOL1F1I_W36,False,False,True
BILLION_W92,False,False,False
CANDEXP_W92,False,False,False
DATAUSEd_W49,False,False,True
DNA2b_W50,False,False,True
EAT2_W34,False,False,True
EAT5B_W34,False,False,True
ECON3_d_W54,False,False,True
ECON5_b_W54,False,False,True
ECON5_g_W54,False,False,True
ECON5_i_W54,False,False,True
ELECT_CONF3_PRVSUP_W92,False,False,False
ELECT_IMPT3_PRVFR_W92,False,False,False
ESSENPOLF1H_W36,False,False,True
ETHNCMAJ_W32,False,True,True
EVOBIOB_W34,False,False,True
FAMSURV1_W50,False,True,True
FAMSURV23b_W50,False,False,True
FAMSURV26b_W50,False,False,True
FAMSURV2Wc_W50,False,False,True
FAMSURV40_W50,False,False,True
FEM2_W29,False,False,True
FUD33B_W34,False,False,True
FUD35_W34,False,False,True
GAP21Q15_d_W82,False,False,False
GAP21Q21_e_W82,False,False,False
GAP21Q23_W82,False,False,False
GAP21Q24_W82,False,False,False
GAP21Q25_W82,False,False,False
GAP21Q26_a_W82,False,False,False
GAP21Q26_b_W82,False,False,False
GAP21Q26_c_W82,False,False,False
GAP21Q27_W82,False,False,False
GAP21Q32_W82,False,False,False
GAP21Q33_c_W82,False,False,False
GAP21Q33_g_W82,False,False,False
GAP21Q33_j_W82,False,False,False
GAP21Q33_m_W82,False,False,False
GAP21Q33_s_W82,False,False,False
GAP21Q34_f_W82,False,False,False
GAP21Q38_b_W82,False,False,False
GAP21Q43_g_W82,False,False,False
GAP21Q7_b_W82,False,False,False
GOVPRIORITYc_W54,False,False,True
GOVPRIOgF1_W41,False,False,True
GOVPRIOlF2_W41,False,False,True
GOVREGV1_W49,False,True,True
GROWUPGUN2A_W26,False,False,True
GROWUPGUN4_W26,False,False,True
GROWUPGUN6_W26,False,False,True
GUNIDENTITY_W26,False,False,True
GUNRESPNOKIDSC_W26,False,False,True
HARASS1NOWRKF2d_W41,False,False,True
HIGHEDWRNGB_W36,False,False,True
HOMEASSIST3_W49,False,False,True
INEQ5_a_W54,False,False,True
INEQ5_h_W54,False,False,True
INEQ5_k_W54,False,False,True
INEQ8_h_W54,False,False,True
JOBTRAIN_W54,False,False,True
LEGALIMG_W41,False,False,True
LOCALELECT_W29,False,False,True
MADEUPSHAREWHY_W45,False,False,True
MADEUPTOPICd_W45,False,False,True
MAN1C_W29,False,False,True
MAN1E_W29,False,False,True
NEIGHINTERA_W32,False,False,True
PQ8_F2B_W42,False,False,True
RACESURV18b_W43,False,False,True
RACESURV19e_W43,False,False,True
RACESURV28d_W43,False,False,True
RACESURV2_W43,False,False,True
RACESURV40_W43,False,False,True
RACESURV47f_W43,False,False,True
RACESURV48_W43,False,False,True
RACESURV5g_W43,False,False,True
RACESURV5l_W43,False,False,True
RACESURV9_W43,False,False,True
REASONGUNB_W26,False,False,True
RQ1_F1B_W42,False,False,True
RQ1_F1C_W42,False,False,True
RQ5_F1C_W42,False,False,True
SMARTAPP_W49,False,False,True
SOCIETY_GUNS_W92,False,False,False
SOCIETY_RELG_W92,False,False,False
SOCIETY_RHIST_W92,False,False,False
SOLVPROBc_W41,False,False,True
TRACKGOV1b_W49,False,False,True
TRAITBIZMF2D_W36,False,False,True
TRAITBIZMF2E_W36,False,False,True
TRAITPOLWF1A_W36,False,False,True
USMILSIZ_W92,False,True,False
WHYNOTBIZF2D_W36,False,False,True
WHYNOTBIZF2G_W36,False,False,True
WHYNOTBIZF2M_W36,False,False,True
WHYNOTBIZF2N_W36,False,False,True
WHYNOTBIZF2O_W36,False,False,True
WRKTRN1F2_W41,False,False,True
